city,state,semana_epidemiologica,date,casos,casos_novos,obitos,obitos_novos
Tatuí,SP,202013,2020-03-26,1,1,0,0
Tatuí,SP,202013,2020-03-27,1,0,0,0
Tatuí,SP,202013,2020-03-28,1,0,0,0
Tatuí,SP,202014,2020-03-29,1,0,0,0
Tatuí,SP,202014,2020-03-30,1,0,0,0
Tatuí,SP,202014,2020-03-31,1,0,0,0
Tatuí,SP,202014,2020-04-01,1,0,0,0
Jaú,SP,202014,2020-04-02,1,1,0,0
Tatuí,SP,202014,2020-04-02,1,0,0,0
Jaú,SP,202014,2020-04-03,1,0,0,0
Tatuí,SP,202014,2020-04-03,1,0,0,0
Botucatu,SP,202014,2020-04-04,7,7,0,0
Jaú,SP,202014,2020-04-04,1,0,0,0
Tatuí,SP,202014,2020-04-04,1,0,0,0
Botucatu,SP,202015,2020-04-05,7,0,0,0
Jaú,SP,202015,2020-04-05,1,0,0,0
Tatuí,SP,202015,2020-04-05,1,0,0,0
Botucatu,SP,202015,2020-04-06,7,0,0,0
Jaú,SP,202015,2020-04-06,1,0,0,0
Tatuí,SP,202015,2020-04-06,1,0,0,0
Botucatu,SP,202015,2020-04-07,8,1,0,0
Jaú,SP,202015,2020-04-07,1,0,0,0
Tatuí,SP,202015,2020-04-07,2,1,0,0
Avaré,SP,202015,2020-04-08,1,1,0,0
Botucatu,SP,202015,2020-04-08,9,1,1,1
Jaú,SP,202015,2020-04-08,1,0,0,0
Tatuí,SP,202015,2020-04-08,2,0,0,0
Avaré,SP,202015,2020-04-09,3,2,0,0
Botucatu,SP,202015,2020-04-09,15,6,1,0
Jaú,SP,202015,2020-04-09,1,0,0,0
Tatuí,SP,202015,2020-04-09,2,0,0,0
Avaré,SP,202015,2020-04-10,3,0,0,0
Botucatu,SP,202015,2020-04-10,15,0,1,0
Jaú,SP,202015,2020-04-10,1,0,0,0
Tatuí,SP,202015,2020-04-10,4,2,0,0
Avaré,SP,202015,2020-04-11,3,0,0,0
Botucatu,SP,202015,2020-04-11,15,0,1,0
Jaú,SP,202015,2020-04-11,1,0,0,0
Tatuí,SP,202015,2020-04-11,4,0,0,0
Avaré,SP,202016,2020-04-12,3,0,0,0
Botucatu,SP,202016,2020-04-12,15,0,1,0
Jaú,SP,202016,2020-04-12,1,0,0,0
Tatuí,SP,202016,2020-04-12,4,0,0,0
Avaré,SP,202016,2020-04-13,3,0,0,0
Botucatu,SP,202016,2020-04-13,16,1,1,0
Jaú,SP,202016,2020-04-13,1,0,0,0
Tatuí,SP,202016,2020-04-13,4,0,0,0
Avaré,SP,202016,2020-04-14,3,0,1,1
Botucatu,SP,202016,2020-04-14,23,7,2,1
Jaú,SP,202016,2020-04-14,1,0,0,0
Tatuí,SP,202016,2020-04-14,5,1,0,0
Avaré,SP,202016,2020-04-15,5,2,1,0
Botucatu,SP,202016,2020-04-15,23,0,2,0
Jaú,SP,202016,2020-04-15,3,2,0,0
Tatuí,SP,202016,2020-04-15,6,1,0,0
Avaré,SP,202016,2020-04-16,6,1,1,0
Botucatu,SP,202016,2020-04-16,24,1,2,0
Jaú,SP,202016,2020-04-16,3,0,0,0
Tatuí,SP,202016,2020-04-16,6,0,0,0
Avaré,SP,202016,2020-04-17,9,3,1,0
Botucatu,SP,202016,2020-04-17,27,3,2,0
Jaú,SP,202016,2020-04-17,3,0,0,0
Tatuí,SP,202016,2020-04-17,6,0,0,0
Avaré,SP,202016,2020-04-18,9,0,1,0
Botucatu,SP,202016,2020-04-18,27,0,2,0
Jaú,SP,202016,2020-04-18,4,1,0,0
Tatuí,SP,202016,2020-04-18,6,0,0,0
Avaré,SP,202017,2020-04-19,8,-1,1,0
Botucatu,SP,202017,2020-04-19,27,0,2,0
Jaú,SP,202017,2020-04-19,4,0,0,0
Tatuí,SP,202017,2020-04-19,6,0,0,0
Avaré,SP,202017,2020-04-20,8,0,1,0
Botucatu,SP,202017,2020-04-20,27,0,2,0
Jaú,SP,202017,2020-04-20,4,0,0,0
Tatuí,SP,202017,2020-04-20,6,0,0,0
Avaré,SP,202017,2020-04-21,8,0,1,0
Botucatu,SP,202017,2020-04-21,28,1,2,0
Jaú,SP,202017,2020-04-21,5,1,0,0
Tatuí,SP,202017,2020-04-21,7,1,0,0
Avaré,SP,202017,2020-04-22,8,0,1,0
Botucatu,SP,202017,2020-04-22,28,0,2,0
Jaú,SP,202017,2020-04-22,5,0,0,0
Tatuí,SP,202017,2020-04-22,7,0,0,0
Avaré,SP,202017,2020-04-23,8,0,1,0
Botucatu,SP,202017,2020-04-23,28,0,2,0
Jaú,SP,202017,2020-04-23,5,0,0,0
Tatuí,SP,202017,2020-04-23,8,1,0,0
Avaré,SP,202017,2020-04-24,10,2,1,0
Botucatu,SP,202017,2020-04-24,35,7,2,0
Jaú,SP,202017,2020-04-24,5,0,0,0
Tatuí,SP,202017,2020-04-24,8,0,0,0
Avaré,SP,202017,2020-04-25,11,1,1,0
Botucatu,SP,202017,2020-04-25,38,3,2,0
Jaú,SP,202017,2020-04-25,5,0,0,0
Tatuí,SP,202017,2020-04-25,8,0,0,0
Avaré,SP,202018,2020-04-26,11,0,1,0
Botucatu,SP,202018,2020-04-26,38,0,2,0
Jaú,SP,202018,2020-04-26,10,5,0,0
Tatuí,SP,202018,2020-04-26,8,0,0,0
Avaré,SP,202018,2020-04-27,11,0,1,0
Botucatu,SP,202018,2020-04-27,40,2,2,0
Jaú,SP,202018,2020-04-27,10,0,0,0
Tatuí,SP,202018,2020-04-27,11,3,0,0
Avaré,SP,202018,2020-04-28,15,4,1,0
Botucatu,SP,202018,2020-04-28,52,12,2,0
Jaú,SP,202018,2020-04-28,13,3,0,0
Tatuí,SP,202018,2020-04-28,13,2,1,1
Avaré,SP,202018,2020-04-29,17,2,1,0
Botucatu,SP,202018,2020-04-29,56,4,4,2
Jaú,SP,202018,2020-04-29,13,0,0,0
Tatuí,SP,202018,2020-04-29,14,1,1,0
Avaré,SP,202018,2020-04-30,21,4,1,0
Botucatu,SP,202018,2020-04-30,67,11,4,0
Jaú,SP,202018,2020-04-30,14,1,0,0
Tatuí,SP,202018,2020-04-30,17,3,1,0
Avaré,SP,202018,2020-05-01,22,1,1,0
Botucatu,SP,202018,2020-05-01,73,6,4,0
Jaú,SP,202018,2020-05-01,24,10,0,0
Tatuí,SP,202018,2020-05-01,17,0,1,0
Avaré,SP,202018,2020-05-02,22,0,1,0
Botucatu,SP,202018,2020-05-02,74,1,4,0
Jaú,SP,202018,2020-05-02,26,2,0,0
Tatuí,SP,202018,2020-05-02,18,1,1,0
Avaré,SP,202019,2020-05-03,22,0,1,0
Botucatu,SP,202019,2020-05-03,74,0,4,0
Jaú,SP,202019,2020-05-03,26,0,0,0
Tatuí,SP,202019,2020-05-03,18,0,1,0
Avaré,SP,202019,2020-05-04,22,0,1,0
Botucatu,SP,202019,2020-05-04,74,0,4,0
Jaú,SP,202019,2020-05-04,26,0,0,0
Tatuí,SP,202019,2020-05-04,18,0,1,0
Avaré,SP,202019,2020-05-05,24,2,1,0
Botucatu,SP,202019,2020-05-05,74,0,4,0
Jaú,SP,202019,2020-05-05,31,5,0,0
Tatuí,SP,202019,2020-05-05,19,1,1,0
Avaré,SP,202019,2020-05-06,27,3,2,1
Botucatu,SP,202019,2020-05-06,84,10,4,0
Jaú,SP,202019,2020-05-06,44,13,0,0
Tatuí,SP,202019,2020-05-06,20,1,1,0
Avaré,SP,202019,2020-05-07,28,1,2,0
Botucatu,SP,202019,2020-05-07,88,4,5,1
Jaú,SP,202019,2020-05-07,43,-1,0,0
Tatuí,SP,202019,2020-05-07,27,7,2,1
Avaré,SP,202019,2020-05-08,28,0,2,0
Botucatu,SP,202019,2020-05-08,90,2,5,0
Jaú,SP,202019,2020-05-08,59,16,1,1
Tatuí,SP,202019,2020-05-08,28,1,2,0
Avaré,SP,202019,2020-05-09,29,1,2,0
Botucatu,SP,202019,2020-05-09,95,5,5,0
Jaú,SP,202019,2020-05-09,60,1,1,0
Tatuí,SP,202019,2020-05-09,29,1,2,0
Avaré,SP,202020,2020-05-10,29,0,2,0
Botucatu,SP,202020,2020-05-10,101,6,5,0
Jaú,SP,202020,2020-05-10,68,8,1,0
Tatuí,SP,202020,2020-05-10,29,0,2,0
Avaré,SP,202020,2020-05-11,29,0,2,0
Botucatu,SP,202020,2020-05-11,101,0,5,0
Jaú,SP,202020,2020-05-11,68,0,1,0
Tatuí,SP,202020,2020-05-11,29,0,2,0
Avaré,SP,202020,2020-05-12,30,1,2,0
Botucatu,SP,202020,2020-05-12,106,5,5,0
Jaú,SP,202020,2020-05-12,69,1,1,0
Tatuí,SP,202020,2020-05-12,30,1,2,0
Avaré,SP,202020,2020-05-13,34,4,3,1
Botucatu,SP,202020,2020-05-13,121,15,5,0
Jaú,SP,202020,2020-05-13,87,18,2,1
Tatuí,SP,202020,2020-05-13,40,10,2,0
Avaré,SP,202020,2020-05-14,34,0,3,0
Botucatu,SP,202020,2020-05-14,124,3,5,0
Jaú,SP,202020,2020-05-14,90,3,2,0
Tatuí,SP,202020,2020-05-14,47,7,2,0
Avaré,SP,202020,2020-05-15,38,4,3,0
Botucatu,SP,202020,2020-05-15,130,6,5,0
Jaú,SP,202020,2020-05-15,98,8,2,0
Tatuí,SP,202020,2020-05-15,48,1,2,0
Avaré,SP,202020,2020-05-16,41,3,3,0
Botucatu,SP,202020,2020-05-16,143,13,6,1
Jaú,SP,202020,2020-05-16,108,10,2,0
Tatuí,SP,202020,2020-05-16,48,0,2,0
Avaré,SP,202021,2020-05-17,41,0,3,0
Botucatu,SP,202021,2020-05-17,151,8,6,0
Jaú,SP,202021,2020-05-17,108,0,2,0
Tatuí,SP,202021,2020-05-17,53,5,3,1
Avaré,SP,202021,2020-05-18,41,0,3,0
Botucatu,SP,202021,2020-05-18,159,8,6,0
Jaú,SP,202021,2020-05-18,108,0,2,0
Tatuí,SP,202021,2020-05-18,53,0,3,0
Avaré,SP,202021,2020-05-19,43,2,3,0
Botucatu,SP,202021,2020-05-19,160,1,7,1
Jaú,SP,202021,2020-05-19,110,2,2,0
Tatuí,SP,202021,2020-05-19,55,2,4,1
Avaré,SP,202021,2020-05-20,41,-2,3,0
Botucatu,SP,202021,2020-05-20,183,23,7,0
Jaú,SP,202021,2020-05-20,129,19,3,1
Tatuí,SP,202021,2020-05-20,58,3,4,0
Avaré,SP,202021,2020-05-21,41,0,3,0
Botucatu,SP,202021,2020-05-21,193,10,7,0
Jaú,SP,202021,2020-05-21,151,22,4,1
Tatuí,SP,202021,2020-05-21,63,5,4,0
Avaré,SP,202021,2020-05-22,42,1,3,0
Botucatu,SP,202021,2020-05-22,196,3,7,0
Jaú,SP,202021,2020-05-22,161,10,5,1
Tatuí,SP,202021,2020-05-22,82,19,6,2
Avaré,SP,202021,2020-05-23,42,0,3,0
Botucatu,SP,202021,2020-05-23,204,8,7,0
Jaú,SP,202021,2020-05-23,163,2,5,0
Tatuí,SP,202021,2020-05-23,89,7,6,0
Avaré,SP,202022,2020-05-24,42,0,3,0
Botucatu,SP,202022,2020-05-24,217,13,7,0
Jaú,SP,202022,2020-05-24,170,7,5,0
Tatuí,SP,202022,2020-05-24,90,1,6,0
Avaré,SP,202022,2020-05-25,42,0,3,0
Botucatu,SP,202022,2020-05-25,218,1,7,0
Jaú,SP,202022,2020-05-25,171,1,5,0
Tatuí,SP,202022,2020-05-25,91,1,6,0
Avaré,SP,202022,2020-05-26,42,0,3,0
Botucatu,SP,202022,2020-05-26,218,0,7,0
Jaú,SP,202022,2020-05-26,171,0,5,0
Tatuí,SP,202022,2020-05-26,96,5,6,0
Avaré,SP,202022,2020-05-27,49,7,4,1
Botucatu,SP,202022,2020-05-27,238,20,7,0
Jaú,SP,202022,2020-05-27,175,4,6,1
Tatuí,SP,202022,2020-05-27,99,3,6,0
Avaré,SP,202022,2020-05-28,50,1,4,0
Botucatu,SP,202022,2020-05-28,257,19,7,0
Jaú,SP,202022,2020-05-28,181,6,6,0
Tatuí,SP,202022,2020-05-28,112,13,6,0
Avaré,SP,202022,2020-05-29,54,4,5,1
Botucatu,SP,202022,2020-05-29,261,4,7,0
Jaú,SP,202022,2020-05-29,185,4,6,0
Tatuí,SP,202022,2020-05-29,113,1,6,0
Avaré,SP,202022,2020-05-30,56,2,5,0
Botucatu,SP,202022,2020-05-30,276,15,7,0
Jaú,SP,202022,2020-05-30,193,8,6,0
Tatuí,SP,202022,2020-05-30,127,14,6,0
Avaré,SP,202023,2020-05-31,56,0,5,0
Botucatu,SP,202023,2020-05-31,284,8,7,0
Jaú,SP,202023,2020-05-31,193,0,6,0
Tatuí,SP,202023,2020-05-31,142,15,6,0
Avaré,SP,202023,2020-06-01,57,1,5,0
Botucatu,SP,202023,2020-06-01,284,0,7,0
Jaú,SP,202023,2020-06-01,193,0,6,0
Tatuí,SP,202023,2020-06-01,142,0,6,0
Avaré,SP,202023,2020-06-02,57,0,5,0
Botucatu,SP,202023,2020-06-02,302,18,7,0
Jaú,SP,202023,2020-06-02,207,14,6,0
Tatuí,SP,202023,2020-06-02,154,12,7,1
Avaré,SP,202023,2020-06-03,57,0,6,1
Botucatu,SP,202023,2020-06-03,304,2,7,0
Jaú,SP,202023,2020-06-03,209,2,6,0
Tatuí,SP,202023,2020-06-03,163,9,7,0
Avaré,SP,202023,2020-06-04,66,9,7,1
Botucatu,SP,202023,2020-06-04,325,21,7,0
Jaú,SP,202023,2020-06-04,217,8,6,0
Tatuí,SP,202023,2020-06-04,166,3,8,1
Avaré,SP,202023,2020-06-05,70,4,7,0
Botucatu,SP,202023,2020-06-05,344,19,8,1
Jaú,SP,202023,2020-06-05,230,13,6,0
Tatuí,SP,202023,2020-06-05,173,7,8,0
Avaré,SP,202023,2020-06-06,77,7,7,0
Botucatu,SP,202023,2020-06-06,343,-1,9,1
Jaú,SP,202023,2020-06-06,232,2,7,1
Tatuí,SP,202023,2020-06-06,186,13,8,0
Avaré,SP,202024,2020-06-07,79,2,7,0
Botucatu,SP,202024,2020-06-07,378,35,9,0
Jaú,SP,202024,2020-06-07,244,12,7,0
Tatuí,SP,202024,2020-06-07,186,0,8,0
Avaré,SP,202024,2020-06-08,79,0,7,0
Botucatu,SP,202024,2020-06-08,380,2,9,0
Jaú,SP,202024,2020-06-08,245,1,8,1
Tatuí,SP,202024,2020-06-08,188,2,8,0
Avaré,SP,202024,2020-06-09,81,2,7,0
Botucatu,SP,202024,2020-06-09,383,3,9,0
Jaú,SP,202024,2020-06-09,249,4,8,0
Tatuí,SP,202024,2020-06-09,189,1,8,0
Avaré,SP,202024,2020-06-10,83,2,7,0
Botucatu,SP,202024,2020-06-10,393,10,9,0
Jaú,SP,202024,2020-06-10,270,21,8,0
Tatuí,SP,202024,2020-06-10,193,4,8,0
Avaré,SP,202024,2020-06-11,83,0,7,0
Botucatu,SP,202024,2020-06-11,411,18,9,0
Jaú,SP,202024,2020-06-11,272,2,8,0
Tatuí,SP,202024,2020-06-11,204,11,8,0
Avaré,SP,202024,2020-06-12,84,1,7,0
Botucatu,SP,202024,2020-06-12,425,14,9,0
Jaú,SP,202024,2020-06-12,279,7,9,1
Tatuí,SP,202024,2020-06-12,206,2,8,0
Avaré,SP,202024,2020-06-13,84,0,7,0
Botucatu,SP,202024,2020-06-13,426,1,10,1
Jaú,SP,202024,2020-06-13,288,9,10,1
Tatuí,SP,202024,2020-06-13,216,10,9,1
Avaré,SP,202025,2020-06-14,84,0,7,0
Botucatu,SP,202025,2020-06-14,427,1,10,0
Jaú,SP,202025,2020-06-14,289,1,10,0
Tatuí,SP,202025,2020-06-14,232,16,9,0
Avaré,SP,202025,2020-06-15,84,0,7,0
Botucatu,SP,202025,2020-06-15,428,1,10,0
Jaú,SP,202025,2020-06-15,289,0,11,1
Tatuí,SP,202025,2020-06-15,233,1,10,1
Avaré,SP,202025,2020-06-16,86,2,7,0
Botucatu,SP,202025,2020-06-16,444,16,10,0
Jaú,SP,202025,2020-06-16,289,0,11,0
Tatuí,SP,202025,2020-06-16,241,8,10,0
Avaré,SP,202025,2020-06-17,86,0,7,0
Botucatu,SP,202025,2020-06-17,444,0,10,0
Jaú,SP,202025,2020-06-17,291,2,11,0
Tatuí,SP,202025,2020-06-17,243,2,12,2
Avaré,SP,202025,2020-06-18,89,3,7,0
Botucatu,SP,202025,2020-06-18,444,0,10,0
Jaú,SP,202025,2020-06-18,297,6,11,0
Tatuí,SP,202025,2020-06-18,243,0,12,0
Avaré,SP,202025,2020-06-19,97,8,7,0
Botucatu,SP,202025,2020-06-19,484,40,12,2
Jaú,SP,202025,2020-06-19,325,28,11,0
Tatuí,SP,202025,2020-06-19,284,41,14,2
Avaré,SP,202025,2020-06-20,96,-1,7,0
Botucatu,SP,202025,2020-06-20,492,8,13,1
Jaú,SP,202025,2020-06-20,335,10,11,0
Tatuí,SP,202025,2020-06-20,298,14,15,1
Avaré,SP,202026,2020-06-21,96,0,7,0
Botucatu,SP,202026,2020-06-21,515,23,13,0
Jaú,SP,202026,2020-06-21,346,11,11,0
Tatuí,SP,202026,2020-06-21,307,9,15,0
Avaré,SP,202026,2020-06-22,96,0,7,0
Botucatu,SP,202026,2020-06-22,516,1,13,0
Jaú,SP,202026,2020-06-22,346,0,11,0
Tatuí,SP,202026,2020-06-22,313,6,15,0
Avaré,SP,202026,2020-06-23,96,0,11,4
Botucatu,SP,202026,2020-06-23,524,8,13,0
Jaú,SP,202026,2020-06-23,360,14,11,0
Tatuí,SP,202026,2020-06-23,316,3,15,0
Avaré,SP,202026,2020-06-24,110,14,10,-1
Botucatu,SP,202026,2020-06-24,538,14,14,1
Jaú,SP,202026,2020-06-24,384,24,12,1
Tatuí,SP,202026,2020-06-24,336,20,16,1
Avaré,SP,202026,2020-06-25,115,5,10,0
Botucatu,SP,202026,2020-06-25,552,14,14,0
Jaú,SP,202026,2020-06-25,391,7,13,1
Tatuí,SP,202026,2020-06-25,355,19,16,0
Avaré,SP,202026,2020-06-26,118,3,10,0
Botucatu,SP,202026,2020-06-26,583,31,15,1
Jaú,SP,202026,2020-06-26,401,10,13,0
Tatuí,SP,202026,2020-06-26,358,3,18,2
Avaré,SP,202026,2020-06-27,120,2,10,0
Botucatu,SP,202026,2020-06-27,588,5,15,0
Jaú,SP,202026,2020-06-27,414,13,13,0
Tatuí,SP,202026,2020-06-27,361,3,19,1
Avaré,SP,202027,2020-06-28,120,0,10,0
Botucatu,SP,202027,2020-06-28,603,15,15,0
Jaú,SP,202027,2020-06-28,422,8,13,0
Tatuí,SP,202027,2020-06-28,366,5,19,0
Avaré,SP,202027,2020-06-29,121,1,10,0
Botucatu,SP,202027,2020-06-29,625,22,15,0
Jaú,SP,202027,2020-06-29,422,0,13,0
Tatuí,SP,202027,2020-06-29,368,2,19,0
Avaré,SP,202027,2020-06-30,122,1,10,0
Botucatu,SP,202027,2020-06-30,631,6,15,0
Jaú,SP,202027,2020-06-30,427,5,13,0
Tatuí,SP,202027,2020-06-30,386,18,21,2
Avaré,SP,202027,2020-07-01,121,-1,10,0
Botucatu,SP,202027,2020-07-01,655,24,15,0
Jaú,SP,202027,2020-07-01,445,18,13,0
Tatuí,SP,202027,2020-07-01,395,9,21,0
Avaré,SP,202027,2020-07-02,124,3,10,0
Botucatu,SP,202027,2020-07-02,679,24,15,0
Jaú,SP,202027,2020-07-02,460,15,13,0
Tatuí,SP,202027,2020-07-02,412,17,24,3
Avaré,SP,202027,2020-07-03,131,7,10,0
Botucatu,SP,202027,2020-07-03,709,30,15,0
Jaú,SP,202027,2020-07-03,472,12,13,0
Tatuí,SP,202027,2020-07-03,418,6,25,1
Avaré,SP,202027,2020-07-04,132,1,10,0
Botucatu,SP,202027,2020-07-04,712,3,15,0
Jaú,SP,202027,2020-07-04,473,1,13,0
Tatuí,SP,202027,2020-07-04,421,3,25,0
Avaré,SP,202028,2020-07-05,132,0,10,0
Botucatu,SP,202028,2020-07-05,731,19,15,0
Jaú,SP,202028,2020-07-05,484,11,13,0
Tatuí,SP,202028,2020-07-05,423,2,25,0
Avaré,SP,202028,2020-07-06,132,0,10,0
Botucatu,SP,202028,2020-07-06,758,27,15,0
Jaú,SP,202028,2020-07-06,484,0,13,0
Tatuí,SP,202028,2020-07-06,425,2,25,0
Avaré,SP,202028,2020-07-07,139,7,10,0
Botucatu,SP,202028,2020-07-07,771,13,16,1
Jaú,SP,202028,2020-07-07,488,4,14,1
Tatuí,SP,202028,2020-07-07,433,8,25,0
Avaré,SP,202028,2020-07-08,141,2,10,0
Botucatu,SP,202028,2020-07-08,772,1,16,0
Jaú,SP,202028,2020-07-08,497,9,14,0
Tatuí,SP,202028,2020-07-08,439,6,26,1
Avaré,SP,202028,2020-07-09,143,2,10,0
Botucatu,SP,202028,2020-07-09,791,19,17,1
Jaú,SP,202028,2020-07-09,523,26,14,0
Tatuí,SP,202028,2020-07-09,445,6,26,0
Avaré,SP,202028,2020-07-10,157,14,10,0
Botucatu,SP,202028,2020-07-10,818,27,18,1
Jaú,SP,202028,2020-07-10,541,18,14,0
Tatuí,SP,202028,2020-07-10,449,4,26,0
Avaré,SP,202028,2020-07-11,160,3,10,0
Botucatu,SP,202028,2020-07-11,840,22,18,0
Jaú,SP,202028,2020-07-11,550,9,14,0
Tatuí,SP,202028,2020-07-11,458,9,26,0
Avaré,SP,202029,2020-07-12,161,1,10,0
Botucatu,SP,202029,2020-07-12,841,1,18,0
Jaú,SP,202029,2020-07-12,566,16,16,2
Tatuí,SP,202029,2020-07-12,503,45,26,0
Avaré,SP,202029,2020-07-13,161,0,10,0
Botucatu,SP,202029,2020-07-13,841,0,18,0
Jaú,SP,202029,2020-07-13,566,0,16,0
Tatuí,SP,202029,2020-07-13,503,0,26,0
Avaré,SP,202029,2020-07-14,163,2,10,0
Botucatu,SP,202029,2020-07-14,885,44,18,0
Jaú,SP,202029,2020-07-14,571,5,19,3
Tatuí,SP,202029,2020-07-14,544,41,27,1
Avaré,SP,202029,2020-07-15,165,2,10,0
Botucatu,SP,202029,2020-07-15,891,6,19,1
Jaú,SP,202029,2020-07-15,582,11,19,0
Tatuí,SP,202029,2020-07-15,556,12,27,0
Avaré,SP,202029,2020-07-16,167,2,10,0
Botucatu,SP,202029,2020-07-16,900,9,19,0
Jaú,SP,202029,2020-07-16,605,23,20,1
Tatuí,SP,202029,2020-07-16,562,6,27,0
Avaré,SP,202029,2020-07-17,170,3,10,0
Botucatu,SP,202029,2020-07-17,918,18,19,0
Jaú,SP,202029,2020-07-17,645,40,20,0
Tatuí,SP,202029,2020-07-17,574,12,28,1
Avaré,SP,202029,2020-07-18,171,1,10,0
Botucatu,SP,202029,2020-07-18,922,4,19,0
Jaú,SP,202029,2020-07-18,651,6,20,0
Tatuí,SP,202029,2020-07-18,577,3,28,0
Avaré,SP,202030,2020-07-19,171,0,10,0
Botucatu,SP,202030,2020-07-19,923,1,19,0
Jaú,SP,202030,2020-07-19,660,9,20,0
Tatuí,SP,202030,2020-07-19,578,1,28,0
Avaré,SP,202030,2020-07-20,171,0,10,0
Botucatu,SP,202030,2020-07-20,930,7,19,0
Jaú,SP,202030,2020-07-20,662,2,20,0
Tatuí,SP,202030,2020-07-20,579,1,28,0
Avaré,SP,202030,2020-07-21,175,4,11,1
Botucatu,SP,202030,2020-07-21,935,5,19,0
Jaú,SP,202030,2020-07-21,705,43,20,0
Tatuí,SP,202030,2020-07-21,593,14,28,0
Avaré,SP,202030,2020-07-22,187,12,11,0
Botucatu,SP,202030,2020-07-22,1010,75,19,0
Jaú,SP,202030,2020-07-22,710,5,21,1
Tatuí,SP,202030,2020-07-22,660,67,29,1
Avaré,SP,202030,2020-07-23,195,8,11,0
Botucatu,SP,202030,2020-07-23,1051,41,19,0
Jaú,SP,202030,2020-07-23,714,4,22,1
Tatuí,SP,202030,2020-07-23,683,23,34,5
Avaré,SP,202030,2020-07-24,220,25,11,0
Botucatu,SP,202030,2020-07-24,1071,20,23,4
Jaú,SP,202030,2020-07-24,748,34,24,2
Tatuí,SP,202030,2020-07-24,712,29,34,0
Avaré,SP,202030,2020-07-25,220,0,11,0
Botucatu,SP,202030,2020-07-25,1118,47,23,0
Jaú,SP,202030,2020-07-25,785,37,24,0
Tatuí,SP,202030,2020-07-25,776,64,34,0
Avaré,SP,202031,2020-07-26,220,0,11,0
Botucatu,SP,202031,2020-07-26,1120,2,24,1
Jaú,SP,202031,2020-07-26,822,37,24,0
Tatuí,SP,202031,2020-07-26,781,5,34,0
Avaré,SP,202031,2020-07-27,224,4,11,0
Botucatu,SP,202031,2020-07-27,1120,0,24,0
Jaú,SP,202031,2020-07-27,825,3,24,0
Tatuí,SP,202031,2020-07-27,784,3,34,0
Avaré,SP,202031,2020-07-28,252,28,11,0
Botucatu,SP,202031,2020-07-28,1152,32,24,0
Jaú,SP,202031,2020-07-28,846,21,24,0
Tatuí,SP,202031,2020-07-28,845,61,34,0
Avaré,SP,202031,2020-07-29,257,5,11,0
Botucatu,SP,202031,2020-07-29,1170,18,25,1
Jaú,SP,202031,2020-07-29,890,44,25,1
Tatuí,SP,202031,2020-07-29,885,40,36,2
Avaré,SP,202031,2020-07-30,262,5,11,0
Botucatu,SP,202031,2020-07-30,1214,44,25,0
Jaú,SP,202031,2020-07-30,913,23,25,0
Tatuí,SP,202031,2020-07-30,914,29,36,0
Avaré,SP,202031,2020-07-31,263,1,11,0
Botucatu,SP,202031,2020-07-31,1215,1,25,0
Jaú,SP,202031,2020-07-31,957,44,26,1
Tatuí,SP,202031,2020-07-31,977,63,37,1
Avaré,SP,202031,2020-08-01,270,7,11,0
Botucatu,SP,202031,2020-08-01,1253,38,26,1
Jaú,SP,202031,2020-08-01,966,9,26,0
Tatuí,SP,202031,2020-08-01,1027,50,36,-1
Avaré,SP,202032,2020-08-02,270,0,11,0
Botucatu,SP,202032,2020-08-02,1253,0,26,0
Jaú,SP,202032,2020-08-02,966,0,27,1
Tatuí,SP,202032,2020-08-02,1029,2,36,0
Avaré,SP,202032,2020-08-03,271,1,11,0
Botucatu,SP,202032,2020-08-03,1253,0,26,0
Jaú,SP,202032,2020-08-03,981,15,27,0
Tatuí,SP,202032,2020-08-03,1030,1,36,0
Avaré,SP,202032,2020-08-04,284,13,12,1
Botucatu,SP,202032,2020-08-04,1293,40,26,0
Jaú,SP,202032,2020-08-04,1019,38,27,0
Tatuí,SP,202032,2020-08-04,1065,35,36,0
Avaré,SP,202032,2020-08-05,297,13,12,0
Botucatu,SP,202032,2020-08-05,1291,-2,26,0
Jaú,SP,202032,2020-08-05,1046,27,30,3
Tatuí,SP,202032,2020-08-05,1086,21,37,1
Avaré,SP,202032,2020-08-06,310,13,12,0
Botucatu,SP,202032,2020-08-06,1332,41,27,1
Jaú,SP,202032,2020-08-06,1056,10,30,0
Tatuí,SP,202032,2020-08-06,1132,46,38,1
Avaré,SP,202032,2020-08-07,318,8,12,0
Botucatu,SP,202032,2020-08-07,1345,13,27,0
Jaú,SP,202032,2020-08-07,1061,5,30,0
Tatuí,SP,202032,2020-08-07,1154,22,38,0
Avaré,SP,202032,2020-08-08,330,12,12,0
Botucatu,SP,202032,2020-08-08,1384,39,27,0
Jaú,SP,202032,2020-08-08,1099,38,31,1
Tatuí,SP,202032,2020-08-08,1190,36,39,1
Avaré,SP,202033,2020-08-09,330,0,12,0
Botucatu,SP,202033,2020-08-09,1404,20,28,1
Jaú,SP,202033,2020-08-09,1140,41,32,1
Tatuí,SP,202033,2020-08-09,1197,7,39,0
Avaré,SP,202033,2020-08-10,330,0,12,0
Botucatu,SP,202033,2020-08-10,1404,0,28,0
Jaú,SP,202033,2020-08-10,1143,3,32,0
Tatuí,SP,202033,2020-08-10,1197,0,39,0
Avaré,SP,202033,2020-08-11,347,17,13,1
Botucatu,SP,202033,2020-08-11,1433,29,28,0
Jaú,SP,202033,2020-08-11,1168,25,33,1
Tatuí,SP,202033,2020-08-11,1202,5,39,0
Avaré,SP,202033,2020-08-12,352,5,13,0
Botucatu,SP,202033,2020-08-12,1451,18,28,0
Jaú,SP,202033,2020-08-12,1193,25,37,4
Tatuí,SP,202033,2020-08-12,1210,8,39,0
Avaré,SP,202033,2020-08-13,355,3,13,0
Botucatu,SP,202033,2020-08-13,1465,14,28,0
Jaú,SP,202033,2020-08-13,1215,22,37,0
Tatuí,SP,202033,2020-08-13,1260,50,41,2
Avaré,SP,202033,2020-08-14,364,9,13,0
Botucatu,SP,202033,2020-08-14,1497,32,28,0
Jaú,SP,202033,2020-08-14,1254,39,38,1
Tatuí,SP,202033,2020-08-14,1309,49,43,2
Avaré,SP,202033,2020-08-15,373,9,13,0
Botucatu,SP,202033,2020-08-15,1526,29,28,0
Jaú,SP,202033,2020-08-15,1297,43,39,1
Tatuí,SP,202033,2020-08-15,1360,51,43,0
Avaré,SP,202034,2020-08-16,374,1,13,0
Botucatu,SP,202034,2020-08-16,1545,19,28,0
Jaú,SP,202034,2020-08-16,1353,56,39,0
Tatuí,SP,202034,2020-08-16,1361,1,43,0
Avaré,SP,202034,2020-08-17,374,0,13,0
Botucatu,SP,202034,2020-08-17,1561,16,28,0
Jaú,SP,202034,2020-08-17,1355,2,39,0
Tatuí,SP,202034,2020-08-17,1365,4,43,0
Avaré,SP,202034,2020-08-18,382,8,14,1
Botucatu,SP,202034,2020-08-18,1569,8,29,1
Jaú,SP,202034,2020-08-18,1387,32,41,2
Tatuí,SP,202034,2020-08-18,1393,28,48,5
Avaré,SP,202034,2020-08-19,381,-1,14,0
Botucatu,SP,202034,2020-08-19,1583,14,29,0
Jaú,SP,202034,2020-08-19,1422,35,42,1
Tatuí,SP,202034,2020-08-19,1422,29,50,2
Avaré,SP,202034,2020-08-20,388,7,14,0
Botucatu,SP,202034,2020-08-20,1617,34,29,0
Jaú,SP,202034,2020-08-20,1459,37,42,0
Tatuí,SP,202034,2020-08-20,1446,24,50,0
Avaré,SP,202034,2020-08-21,392,4,14,0
Botucatu,SP,202034,2020-08-21,1638,21,29,0
Jaú,SP,202034,2020-08-21,1463,4,42,0
Tatuí,SP,202034,2020-08-21,1449,3,50,0
Avaré,SP,202034,2020-08-22,396,4,14,0
Botucatu,SP,202034,2020-08-22,1653,15,29,0
Jaú,SP,202034,2020-08-22,1515,52,42,0
Tatuí,SP,202034,2020-08-22,1501,52,52,2
Avaré,SP,202035,2020-08-23,396,0,14,0
Botucatu,SP,202035,2020-08-23,1683,30,29,0
Jaú,SP,202035,2020-08-23,1530,15,42,0
Tatuí,SP,202035,2020-08-23,1505,4,52,0
Avaré,SP,202035,2020-08-24,396,0,14,0
Botucatu,SP,202035,2020-08-24,1703,20,29,0
Jaú,SP,202035,2020-08-24,1530,0,42,0
Tatuí,SP,202035,2020-08-24,1512,7,52,0
Avaré,SP,202035,2020-08-25,406,10,14,0
Botucatu,SP,202035,2020-08-25,1713,10,30,1
Jaú,SP,202035,2020-08-25,1542,12,42,0
Tatuí,SP,202035,2020-08-25,1547,35,52,0
Avaré,SP,202035,2020-08-26,414,8,14,0
Botucatu,SP,202035,2020-08-26,1770,57,30,0
Jaú,SP,202035,2020-08-26,1564,22,43,1
Tatuí,SP,202035,2020-08-26,1586,39,52,0
Avaré,SP,202035,2020-08-27,406,-8,14,0
Botucatu,SP,202035,2020-08-27,1777,7,31,1
Jaú,SP,202035,2020-08-27,1602,38,44,1
Tatuí,SP,202035,2020-08-27,1620,34,52,0
Avaré,SP,202035,2020-08-28,427,21,14,0
Botucatu,SP,202035,2020-08-28,1815,38,31,0
Jaú,SP,202035,2020-08-28,1634,32,44,0
Tatuí,SP,202035,2020-08-28,1640,20,52,0
Avaré,SP,202035,2020-08-29,427,0,14,0
Botucatu,SP,202035,2020-08-29,1815,0,31,0
Jaú,SP,202035,2020-08-29,1634,0,44,0
Tatuí,SP,202035,2020-08-29,1640,0,52,0
Avaré,SP,202036,2020-08-30,444,17,14,0
Botucatu,SP,202036,2020-08-30,1826,11,31,0
Jaú,SP,202036,2020-08-30,1640,6,44,0
Tatuí,SP,202036,2020-08-30,1682,42,52,0
Avaré,SP,202036,2020-08-31,444,0,14,0
Botucatu,SP,202036,2020-08-31,1825,-1,31,0
Jaú,SP,202036,2020-08-31,1640,0,44,0
Tatuí,SP,202036,2020-08-31,1683,1,52,0
Avaré,SP,202036,2020-09-01,463,19,14,0
Botucatu,SP,202036,2020-09-01,1864,39,32,1
Jaú,SP,202036,2020-09-01,1655,15,46,2
Tatuí,SP,202036,2020-09-01,1708,25,52,0
Avaré,SP,202036,2020-09-02,476,13,14,0
Botucatu,SP,202036,2020-09-02,1903,39,32,0
Jaú,SP,202036,2020-09-02,1704,49,48,2
Tatuí,SP,202036,2020-09-02,1750,42,54,2
Avaré,SP,202036,2020-09-03,487,11,14,0
Botucatu,SP,202036,2020-09-03,1917,14,32,0
Jaú,SP,202036,2020-09-03,1709,5,48,0
Tatuí,SP,202036,2020-09-03,1769,19,54,0
Avaré,SP,202036,2020-09-04,500,13,14,0
Botucatu,SP,202036,2020-09-04,1954,37,32,0
Jaú,SP,202036,2020-09-04,1747,38,49,1
Tatuí,SP,202036,2020-09-04,1791,22,54,0
Avaré,SP,202036,2020-09-05,511,11,16,2
Botucatu,SP,202036,2020-09-05,1973,19,33,1
Jaú,SP,202036,2020-09-05,1755,8,50,1
Tatuí,SP,202036,2020-09-05,1809,18,54,0
Avaré,SP,202037,2020-09-06,513,2,16,0
Botucatu,SP,202037,2020-09-06,1986,13,33,0
Jaú,SP,202037,2020-09-06,1781,26,50,0
Tatuí,SP,202037,2020-09-06,1815,6,54,0
Avaré,SP,202037,2020-09-07,513,0,16,0
Botucatu,SP,202037,2020-09-07,1986,0,33,0
Jaú,SP,202037,2020-09-07,1781,0,50,0
Tatuí,SP,202037,2020-09-07,1815,0,54,0
Avaré,SP,202037,2020-09-08,516,3,16,0
Botucatu,SP,202037,2020-09-08,2004,18,33,0
Jaú,SP,202037,2020-09-08,1783,2,50,0
Tatuí,SP,202037,2020-09-08,1818,3,54,0
Avaré,SP,202037,2020-09-09,535,19,16,0
Botucatu,SP,202037,2020-09-09,2016,12,36,3
Jaú,SP,202037,2020-09-09,1837,54,50,0
Tatuí,SP,202037,2020-09-09,1869,51,54,0
Avaré,SP,202037,2020-09-10,551,16,16,0
Botucatu,SP,202037,2020-09-10,2040,24,36,0
Jaú,SP,202037,2020-09-10,1877,40,50,0
Tatuí,SP,202037,2020-09-10,1908,39,54,0
Avaré,SP,202037,2020-09-11,573,22,16,0
Botucatu,SP,202037,2020-09-11,2059,19,37,1
Jaú,SP,202037,2020-09-11,1937,60,51,1
Tatuí,SP,202037,2020-09-11,1946,38,54,0
Avaré,SP,202037,2020-09-12,582,9,16,0
Botucatu,SP,202037,2020-09-12,2090,31,38,1
Jaú,SP,202037,2020-09-12,1963,26,51,0
Tatuí,SP,202037,2020-09-12,1975,29,55,1
Avaré,SP,202038,2020-09-13,582,0,16,0
Botucatu,SP,202038,2020-09-13,2093,3,38,0
Jaú,SP,202038,2020-09-13,1964,1,51,0
Tatuí,SP,202038,2020-09-13,1975,0,55,0
Avaré,SP,202038,2020-09-14,582,0,16,0
Botucatu,SP,202038,2020-09-14,2096,3,38,0
Jaú,SP,202038,2020-09-14,1964,0,51,0
Tatuí,SP,202038,2020-09-14,1976,1,55,0
Avaré,SP,202038,2020-09-15,585,3,16,0
Botucatu,SP,202038,2020-09-15,2115,19,39,1
Jaú,SP,202038,2020-09-15,1991,27,51,0
Tatuí,SP,202038,2020-09-15,1996,20,55,0
Avaré,SP,202038,2020-09-16,585,0,16,0
Botucatu,SP,202038,2020-09-16,2138,23,39,0
Jaú,SP,202038,2020-09-16,2034,43,51,0
Tatuí,SP,202038,2020-09-16,2013,17,57,2
Avaré,SP,202038,2020-09-17,597,12,16,0
Botucatu,SP,202038,2020-09-17,2164,26,40,1
Jaú,SP,202038,2020-09-17,2093,59,51,0
Tatuí,SP,202038,2020-09-17,2049,36,57,0
Avaré,SP,202038,2020-09-18,607,10,16,0
Botucatu,SP,202038,2020-09-18,2201,37,40,0
Jaú,SP,202038,2020-09-18,2144,51,51,0
Tatuí,SP,202038,2020-09-18,2087,38,57,0
Avaré,SP,202038,2020-09-19,611,4,17,1
Botucatu,SP,202038,2020-09-19,2235,34,40,0
Jaú,SP,202038,2020-09-19,2168,24,51,0
Tatuí,SP,202038,2020-09-19,2130,43,57,0
Avaré,SP,202039,2020-09-20,611,0,17,0
Botucatu,SP,202039,2020-09-20,2235,0,40,0
Jaú,SP,202039,2020-09-20,2168,0,51,0
Tatuí,SP,202039,2020-09-20,2150,20,57,0
Avaré,SP,202039,2020-09-21,611,0,17,0
Botucatu,SP,202039,2020-09-21,2253,18,41,1
Jaú,SP,202039,2020-09-21,2190,22,51,0
Tatuí,SP,202039,2020-09-21,2169,19,57,0
Avaré,SP,202039,2020-09-22,623,12,17,0
Botucatu,SP,202039,2020-09-22,2255,2,41,0
Jaú,SP,202039,2020-09-22,2216,26,52,1
Tatuí,SP,202039,2020-09-22,2201,32,58,1
Avaré,SP,202039,2020-09-23,630,7,17,0
Botucatu,SP,202039,2020-09-23,2274,19,41,0
Jaú,SP,202039,2020-09-23,2254,38,52,0
Tatuí,SP,202039,2020-09-23,2234,33,59,1
Avaré,SP,202039,2020-09-24,635,5,17,0
Botucatu,SP,202039,2020-09-24,2281,7,41,0
Jaú,SP,202039,2020-09-24,2300,46,53,1
Tatuí,SP,202039,2020-09-24,2253,19,60,1
Avaré,SP,202039,2020-09-25,646,11,17,0
Botucatu,SP,202039,2020-09-25,2302,21,42,1
Jaú,SP,202039,2020-09-25,2345,45,53,0
Tatuí,SP,202039,2020-09-25,2279,26,62,2
Avaré,SP,202039,2020-09-26,651,5,17,0
Botucatu,SP,202039,2020-09-26,2314,12,42,0
Jaú,SP,202039,2020-09-26,2368,23,54,1
Tatuí,SP,202039,2020-09-26,2311,32,62,0
Avaré,SP,202040,2020-09-27,652,1,17,0
Botucatu,SP,202040,2020-09-27,2314,0,42,0
Jaú,SP,202040,2020-09-27,2369,1,54,0
Tatuí,SP,202040,2020-09-27,2312,1,62,0
Avaré,SP,202040,2020-09-28,653,1,17,0
Botucatu,SP,202040,2020-09-28,2314,0,42,0
Jaú,SP,202040,2020-09-28,2388,19,54,0
Tatuí,SP,202040,2020-09-28,2312,0,62,0
Avaré,SP,202040,2020-09-29,659,6,17,0
Botucatu,SP,202040,2020-09-29,2328,14,42,0
Jaú,SP,202040,2020-09-29,2393,5,54,0
Tatuí,SP,202040,2020-09-29,2333,21,63,1
Avaré,SP,202040,2020-09-30,661,2,17,0
Botucatu,SP,202040,2020-09-30,2346,18,42,0
Jaú,SP,202040,2020-09-30,2436,43,56,2
Tatuí,SP,202040,2020-09-30,2362,29,63,0
Avaré,SP,202040,2020-10-01,666,5,17,0
Botucatu,SP,202040,2020-10-01,2359,13,44,2
Jaú,SP,202040,2020-10-01,2465,29,56,0
Tatuí,SP,202040,2020-10-01,2395,33,63,0
Avaré,SP,202040,2020-10-02,670,4,17,0
Botucatu,SP,202040,2020-10-02,2379,20,44,0
Jaú,SP,202040,2020-10-02,2518,53,56,0
Tatuí,SP,202040,2020-10-02,2405,10,64,1
Avaré,SP,202040,2020-10-03,683,13,17,0
Botucatu,SP,202040,2020-10-03,2393,14,44,0
Jaú,SP,202040,2020-10-03,2526,8,57,1
Tatuí,SP,202040,2020-10-03,2427,22,66,2
Avaré,SP,202041,2020-10-04,683,0,17,0
Botucatu,SP,202041,2020-10-04,2393,0,44,0
Jaú,SP,202041,2020-10-04,2526,0,57,0
Tatuí,SP,202041,2020-10-04,2427,0,66,0
Avaré,SP,202041,2020-10-05,683,0,17,0
Botucatu,SP,202041,2020-10-05,2393,0,44,0
Jaú,SP,202041,2020-10-05,2526,0,57,0
Tatuí,SP,202041,2020-10-05,2427,0,66,0
Avaré,SP,202041,2020-10-06,696,13,17,0
Botucatu,SP,202041,2020-10-06,2412,19,45,1
Jaú,SP,202041,2020-10-06,2577,51,57,0
Tatuí,SP,202041,2020-10-06,2461,34,66,0
Avaré,SP,202041,2020-10-07,696,0,17,0
Botucatu,SP,202041,2020-10-07,2412,0,45,0
Jaú,SP,202041,2020-10-07,2577,0,57,0
Tatuí,SP,202041,2020-10-07,2461,0,66,0
Avaré,SP,202041,2020-10-08,714,18,17,0
Botucatu,SP,202041,2020-10-08,2433,21,47,2
Jaú,SP,202041,2020-10-08,2656,79,62,5
Tatuí,SP,202041,2020-10-08,2496,35,66,0
Avaré,SP,202041,2020-10-09,722,8,17,0
Botucatu,SP,202041,2020-10-09,2443,10,47,0
Jaú,SP,202041,2020-10-09,2685,29,64,2
Tatuí,SP,202041,2020-10-09,2509,13,66,0
Avaré,SP,202041,2020-10-10,730,8,17,0
Botucatu,SP,202041,2020-10-10,2459,16,47,0
Jaú,SP,202041,2020-10-10,2713,28,65,1
Tatuí,SP,202041,2020-10-10,2536,27,66,0
Avaré,SP,202042,2020-10-11,730,0,17,0
Botucatu,SP,202042,2020-10-11,2459,0,47,0
Jaú,SP,202042,2020-10-11,2715,2,65,0
Tatuí,SP,202042,2020-10-11,2538,2,66,0
Avaré,SP,202042,2020-10-12,730,0,17,0
Botucatu,SP,202042,2020-10-12,2461,2,48,1
Jaú,SP,202042,2020-10-12,2715,0,65,0
Tatuí,SP,202042,2020-10-12,2538,0,66,0
Avaré,SP,202042,2020-10-13,730,0,17,0
Botucatu,SP,202042,2020-10-13,2463,2,48,0
Jaú,SP,202042,2020-10-13,2715,0,65,0
Tatuí,SP,202042,2020-10-13,2541,3,66,0
Avaré,SP,202042,2020-10-14,753,23,17,0
Botucatu,SP,202042,2020-10-14,2485,22,47,-1
Jaú,SP,202042,2020-10-14,2754,39,65,0
Tatuí,SP,202042,2020-10-14,2555,14,68,2
Avaré,SP,202042,2020-10-15,757,4,17,0
Botucatu,SP,202042,2020-10-15,2494,9,47,0
Jaú,SP,202042,2020-10-15,2798,44,65,0
Tatuí,SP,202042,2020-10-15,2579,24,68,0
Avaré,SP,202042,2020-10-16,757,0,17,0
Botucatu,SP,202042,2020-10-16,2494,0,47,0
Jaú,SP,202042,2020-10-16,2798,0,65,0
Tatuí,SP,202042,2020-10-16,2579,0,68,0
Avaré,SP,202042,2020-10-17,771,14,17,0
Botucatu,SP,202042,2020-10-17,2513,19,47,0
Jaú,SP,202042,2020-10-17,2842,44,66,1
Tatuí,SP,202042,2020-10-17,2625,46,70,2
Avaré,SP,202043,2020-10-18,771,0,17,0
Botucatu,SP,202043,2020-10-18,2517,4,47,0
Jaú,SP,202043,2020-10-18,2844,2,66,0
Tatuí,SP,202043,2020-10-18,2625,0,70,0
Avaré,SP,202043,2020-10-19,771,0,17,0
Botucatu,SP,202043,2020-10-19,2517,0,47,0
Jaú,SP,202043,2020-10-19,2844,0,66,0
Tatuí,SP,202043,2020-10-19,2625,0,70,0
Avaré,SP,202043,2020-10-20,772,1,17,0
Botucatu,SP,202043,2020-10-20,2563,46,47,0
Jaú,SP,202043,2020-10-20,2857,13,67,1
Tatuí,SP,202043,2020-10-20,2629,4,71,1
Avaré,SP,202043,2020-10-21,783,11,17,0
Botucatu,SP,202043,2020-10-21,2570,7,47,0
Jaú,SP,202043,2020-10-21,2874,17,67,0
Tatuí,SP,202043,2020-10-21,2649,20,71,0
Avaré,SP,202043,2020-10-22,791,8,18,1
Botucatu,SP,202043,2020-10-22,2574,4,47,0
Jaú,SP,202043,2020-10-22,2899,25,67,0
Tatuí,SP,202043,2020-10-22,2654,5,71,0
Avaré,SP,202043,2020-10-23,796,5,18,0
Botucatu,SP,202043,2020-10-23,2587,13,47,0
Jaú,SP,202043,2020-10-23,2920,21,69,2
Tatuí,SP,202043,2020-10-23,2678,24,72,1
Avaré,SP,202043,2020-10-24,801,5,18,0
Botucatu,SP,202043,2020-10-24,2604,17,48,1
Jaú,SP,202043,2020-10-24,2942,22,69,0
Tatuí,SP,202043,2020-10-24,2687,9,72,0
Avaré,SP,202044,2020-10-25,801,0,18,0
Botucatu,SP,202044,2020-10-25,2623,19,48,0
Jaú,SP,202044,2020-10-25,2943,1,69,0
Tatuí,SP,202044,2020-10-25,2690,3,72,0
Avaré,SP,202044,2020-10-26,801,0,18,0
Botucatu,SP,202044,2020-10-26,2626,3,48,0
Jaú,SP,202044,2020-10-26,2943,0,69,0
Tatuí,SP,202044,2020-10-26,2692,2,72,0
Avaré,SP,202044,2020-10-27,807,6,18,0
Botucatu,SP,202044,2020-10-27,2635,9,49,1
Jaú,SP,202044,2020-10-27,2961,18,69,0
Tatuí,SP,202044,2020-10-27,2712,20,74,2
Avaré,SP,202044,2020-10-28,813,6,18,0
Botucatu,SP,202044,2020-10-28,2642,7,50,1
Jaú,SP,202044,2020-10-28,2987,26,69,0
Tatuí,SP,202044,2020-10-28,2732,20,74,0
Avaré,SP,202044,2020-10-29,815,2,18,0
Botucatu,SP,202044,2020-10-29,2645,3,50,0
Jaú,SP,202044,2020-10-29,3025,38,69,0
Tatuí,SP,202044,2020-10-29,2744,12,74,0
Avaré,SP,202044,2020-10-30,828,13,18,0
Botucatu,SP,202044,2020-10-30,2650,5,50,0
Jaú,SP,202044,2020-10-30,3054,29,69,0
Tatuí,SP,202044,2020-10-30,2755,11,75,1
Avaré,SP,202044,2020-10-31,828,0,18,0
Botucatu,SP,202044,2020-10-31,2658,8,50,0
Jaú,SP,202044,2020-10-31,3069,15,69,0
Tatuí,SP,202044,2020-10-31,2756,1,75,0
Avaré,SP,202045,2020-11-01,828,0,18,0
Botucatu,SP,202045,2020-11-01,2658,0,50,0
Jaú,SP,202045,2020-11-01,3069,0,69,0
Tatuí,SP,202045,2020-11-01,2756,0,75,0
Avaré,SP,202045,2020-11-02,828,0,18,0
Botucatu,SP,202045,2020-11-02,2658,0,50,0
Jaú,SP,202045,2020-11-02,3073,4,69,0
Tatuí,SP,202045,2020-11-02,2756,0,75,0
Avaré,SP,202045,2020-11-03,828,0,18,0
Botucatu,SP,202045,2020-11-03,2659,1,52,2
Jaú,SP,202045,2020-11-03,3074,1,69,0
Tatuí,SP,202045,2020-11-03,2758,2,75,0
Avaré,SP,202045,2020-11-04,848,20,19,1
Botucatu,SP,202045,2020-11-04,2664,5,52,0
Jaú,SP,202045,2020-11-04,3101,27,70,1
Tatuí,SP,202045,2020-11-04,2767,9,75,0
Avaré,SP,202045,2020-11-05,858,10,19,0
Botucatu,SP,202045,2020-11-05,2671,7,52,0
Jaú,SP,202045,2020-11-05,3108,7,70,0
Tatuí,SP,202045,2020-11-05,2792,25,75,0
Avaré,SP,202045,2020-11-06,858,0,19,0
Botucatu,SP,202045,2020-11-06,2671,0,52,0
Jaú,SP,202045,2020-11-06,3108,0,70,0
Tatuí,SP,202045,2020-11-06,2792,0,75,0
Avaré,SP,202045,2020-11-07,858,0,19,0
Botucatu,SP,202045,2020-11-07,2671,0,52,0
Jaú,SP,202045,2020-11-07,3108,0,70,0
Tatuí,SP,202045,2020-11-07,2792,0,75,0
Avaré,SP,202046,2020-11-08,858,0,19,0
Botucatu,SP,202046,2020-11-08,2671,0,52,0
Jaú,SP,202046,2020-11-08,3108,0,70,0
Tatuí,SP,202046,2020-11-08,2792,0,75,0
Avaré,SP,202046,2020-11-09,858,0,19,0
Botucatu,SP,202046,2020-11-09,2671,0,52,0
Jaú,SP,202046,2020-11-09,3108,0,70,0
Tatuí,SP,202046,2020-11-09,2792,0,75,0
Avaré,SP,202046,2020-11-10,890,32,19,0
Botucatu,SP,202046,2020-11-10,2716,45,52,0
Jaú,SP,202046,2020-11-10,3207,99,70,0
Tatuí,SP,202046,2020-11-10,2872,80,75,0
Avaré,SP,202046,2020-11-11,894,4,19,0
Botucatu,SP,202046,2020-11-11,2730,14,52,0
Jaú,SP,202046,2020-11-11,3214,7,71,1
Tatuí,SP,202046,2020-11-11,2878,6,75,0
Avaré,SP,202046,2020-11-12,905,11,19,0
Botucatu,SP,202046,2020-11-12,2735,5,52,0
Jaú,SP,202046,2020-11-12,3240,26,73,2
Tatuí,SP,202046,2020-11-12,2898,20,78,3
Avaré,SP,202046,2020-11-13,911,6,19,0
Botucatu,SP,202046,2020-11-13,2749,14,52,0
Jaú,SP,202046,2020-11-13,3274,34,73,0
Tatuí,SP,202046,2020-11-13,2916,18,78,0
Avaré,SP,202046,2020-11-14,913,2,20,1
Botucatu,SP,202046,2020-11-14,2750,1,52,0
Jaú,SP,202046,2020-11-14,3279,5,74,1
Tatuí,SP,202046,2020-11-14,2929,13,79,1
Avaré,SP,202047,2020-11-15,913,0,20,0
Botucatu,SP,202047,2020-11-15,2750,0,52,0
Jaú,SP,202047,2020-11-15,3279,0,74,0
Tatuí,SP,202047,2020-11-15,2935,6,79,0
Avaré,SP,202047,2020-11-16,913,0,20,0
Botucatu,SP,202047,2020-11-16,2751,1,52,0
Jaú,SP,202047,2020-11-16,3279,0,74,0
Tatuí,SP,202047,2020-11-16,2936,1,79,0
Avaré,SP,202047,2020-11-17,928,15,20,0
Botucatu,SP,202047,2020-11-17,2793,42,52,0
Jaú,SP,202047,2020-11-17,3322,43,76,2
Tatuí,SP,202047,2020-11-17,3007,71,78,-1
Avaré,SP,202047,2020-11-18,943,15,20,0
Botucatu,SP,202047,2020-11-18,2833,40,52,0
Jaú,SP,202047,2020-11-18,3355,33,76,0
Tatuí,SP,202047,2020-11-18,3059,52,82,4
Avaré,SP,202047,2020-11-19,944,1,20,0
Botucatu,SP,202047,2020-11-19,2849,16,52,0
Jaú,SP,202047,2020-11-19,3396,41,76,0
Tatuí,SP,202047,2020-11-19,3076,17,82,0
Avaré,SP,202047,2020-11-20,944,0,20,0
Botucatu,SP,202047,2020-11-20,2849,0,52,0
Jaú,SP,202047,2020-11-20,3396,0,76,0
Tatuí,SP,202047,2020-11-20,3076,0,82,0
Avaré,SP,202047,2020-11-21,960,16,20,0
Botucatu,SP,202047,2020-11-21,2917,68,52,0
Jaú,SP,202047,2020-11-21,3452,56,76,0
Tatuí,SP,202047,2020-11-21,3117,41,83,1
Avaré,SP,202048,2020-11-22,962,2,20,0
Botucatu,SP,202048,2020-11-22,2943,26,52,0
Jaú,SP,202048,2020-11-22,3481,29,76,0
Tatuí,SP,202048,2020-11-22,3119,2,83,0
Avaré,SP,202048,2020-11-23,962,0,20,0
Botucatu,SP,202048,2020-11-23,2944,1,52,0
Jaú,SP,202048,2020-11-23,3482,1,76,0
Tatuí,SP,202048,2020-11-23,3119,0,83,0
Avaré,SP,202048,2020-11-24,981,19,20,0
Botucatu,SP,202048,2020-11-24,2984,40,52,0
Jaú,SP,202048,2020-11-24,3491,9,77,1
Tatuí,SP,202048,2020-11-24,3144,25,84,1
Avaré,SP,202048,2020-11-25,990,9,20,0
Botucatu,SP,202048,2020-11-25,3009,25,52,0
Jaú,SP,202048,2020-11-25,3538,47,77,0
Tatuí,SP,202048,2020-11-25,3253,109,84,0
Avaré,SP,202048,2020-11-26,998,8,20,0
Botucatu,SP,202048,2020-11-26,3024,15,52,0
Jaú,SP,202048,2020-11-26,3547,9,78,1
Tatuí,SP,202048,2020-11-26,3266,13,84,0
Avaré,SP,202048,2020-11-27,1003,5,20,0
Botucatu,SP,202048,2020-11-27,3026,2,52,0
Jaú,SP,202048,2020-11-27,3565,18,78,0
Tatuí,SP,202048,2020-11-27,3277,11,84,0
Avaré,SP,202048,2020-11-28,1005,2,20,0
Botucatu,SP,202048,2020-11-28,3030,4,52,0
Jaú,SP,202048,2020-11-28,3583,18,79,1
Tatuí,SP,202048,2020-11-28,3278,1,84,0
Avaré,SP,202049,2020-11-29,1006,1,20,0
Botucatu,SP,202049,2020-11-29,3030,0,52,0
Jaú,SP,202049,2020-11-29,3584,1,79,0
Tatuí,SP,202049,2020-11-29,3279,1,85,1
Avaré,SP,202049,2020-11-30,1007,1,20,0
Botucatu,SP,202049,2020-11-30,3030,0,52,0
Jaú,SP,202049,2020-11-30,3622,38,79,0
Tatuí,SP,202049,2020-11-30,3281,2,85,0
Avaré,SP,202049,2020-12-01,1017,10,20,0
Botucatu,SP,202049,2020-12-01,3093,63,53,1
Jaú,SP,202049,2020-12-01,3656,34,79,0
Tatuí,SP,202049,2020-12-01,3352,71,85,0
Avaré,SP,202049,2020-12-02,1035,18,20,0
Botucatu,SP,202049,2020-12-02,3123,30,53,0
Jaú,SP,202049,2020-12-02,3669,13,80,1
Tatuí,SP,202049,2020-12-02,3364,12,85,0
Avaré,SP,202049,2020-12-03,1042,7,20,0
Botucatu,SP,202049,2020-12-03,3180,57,54,1
Jaú,SP,202049,2020-12-03,3681,12,81,1
Tatuí,SP,202049,2020-12-03,3395,31,85,0
Avaré,SP,202049,2020-12-04,1049,7,20,0
Botucatu,SP,202049,2020-12-04,3215,35,54,0
Jaú,SP,202049,2020-12-04,3715,34,81,0
Tatuí,SP,202049,2020-12-04,3461,66,86,1
Avaré,SP,202049,2020-12-05,1052,3,20,0
Botucatu,SP,202049,2020-12-05,3276,61,54,0
Jaú,SP,202049,2020-12-05,3783,68,81,0
Tatuí,SP,202049,2020-12-05,3477,16,86,0
Avaré,SP,202050,2020-12-06,1052,0,20,0
Botucatu,SP,202050,2020-12-06,3280,4,55,1
Jaú,SP,202050,2020-12-06,3786,3,81,0
Tatuí,SP,202050,2020-12-06,3486,9,86,0
Avaré,SP,202050,2020-12-07,1054,2,20,0
Botucatu,SP,202050,2020-12-07,3310,30,55,0
Jaú,SP,202050,2020-12-07,3786,0,81,0
Tatuí,SP,202050,2020-12-07,3486,0,86,0
Avaré,SP,202050,2020-12-08,1075,21,20,0
Botucatu,SP,202050,2020-12-08,3309,-1,55,0
Jaú,SP,202050,2020-12-08,3802,16,84,3
Tatuí,SP,202050,2020-12-08,3490,4,86,0
Avaré,SP,202050,2020-12-09,1082,7,20,0
Botucatu,SP,202050,2020-12-09,3354,45,55,0
Jaú,SP,202050,2020-12-09,3851,49,84,0
Tatuí,SP,202050,2020-12-09,3536,46,87,1
Avaré,SP,202050,2020-12-10,1087,5,20,0
Botucatu,SP,202050,2020-12-10,3442,88,55,0
Jaú,SP,202050,2020-12-10,3855,4,85,1
Tatuí,SP,202050,2020-12-10,3544,8,90,3
Avaré,SP,202050,2020-12-11,1105,18,20,0
Botucatu,SP,202050,2020-12-11,3456,14,55,0
Jaú,SP,202050,2020-12-11,3898,43,85,0
Tatuí,SP,202050,2020-12-11,3589,45,90,0
Avaré,SP,202050,2020-12-12,1119,14,20,0
Botucatu,SP,202050,2020-12-12,3488,32,56,1
Jaú,SP,202050,2020-12-12,3932,34,88,3
Tatuí,SP,202050,2020-12-12,3592,3,90,0
Avaré,SP,202051,2020-12-13,1119,0,20,0
Botucatu,SP,202051,2020-12-13,3488,0,56,0
Jaú,SP,202051,2020-12-13,3932,0,88,0
Tatuí,SP,202051,2020-12-13,3592,0,91,1
Avaré,SP,202051,2020-12-14,1119,0,20,0
Botucatu,SP,202051,2020-12-14,3489,1,56,0
Jaú,SP,202051,2020-12-14,3932,0,88,0
Tatuí,SP,202051,2020-12-14,3592,0,91,0
Avaré,SP,202051,2020-12-15,1117,-2,21,1
Botucatu,SP,202051,2020-12-15,3495,6,56,0
Jaú,SP,202051,2020-12-15,3955,23,89,1
Tatuí,SP,202051,2020-12-15,3597,5,91,0
Avaré,SP,202051,2020-12-16,1117,0,21,0
Botucatu,SP,202051,2020-12-16,3495,0,56,0
Jaú,SP,202051,2020-12-16,3955,0,89,0
Tatuí,SP,202051,2020-12-16,3597,0,91,0
Avaré,SP,202051,2020-12-17,1150,33,21,0
Botucatu,SP,202051,2020-12-17,3602,107,56,0
Jaú,SP,202051,2020-12-17,4029,74,90,1
Tatuí,SP,202051,2020-12-17,3598,1,92,1
Avaré,SP,202051,2020-12-18,1171,21,21,0
Botucatu,SP,202051,2020-12-18,3627,25,56,0
Jaú,SP,202051,2020-12-18,4055,26,90,0
Tatuí,SP,202051,2020-12-18,3606,8,94,2
Avaré,SP,202051,2020-12-19,1202,31,21,0
Botucatu,SP,202051,2020-12-19,3705,78,56,0
Jaú,SP,202051,2020-12-19,4100,45,90,0
Tatuí,SP,202051,2020-12-19,3676,70,94,0
Avaré,SP,202052,2020-12-20,1202,0,21,0
Botucatu,SP,202052,2020-12-20,3705,0,56,0
Jaú,SP,202052,2020-12-20,4100,0,90,0
Tatuí,SP,202052,2020-12-20,3676,0,94,0
Avaré,SP,202052,2020-12-21,1220,18,21,0
Botucatu,SP,202052,2020-12-21,3705,0,56,0
Jaú,SP,202052,2020-12-21,4112,12,90,0
Tatuí,SP,202052,2020-12-21,3677,1,94,0
Avaré,SP,202052,2020-12-22,1232,12,21,0
Botucatu,SP,202052,2020-12-22,3767,62,56,0
Jaú,SP,202052,2020-12-22,4147,35,90,0
Tatuí,SP,202052,2020-12-22,3763,86,95,1
Avaré,SP,202052,2020-12-23,1252,20,21,0
Botucatu,SP,202052,2020-12-23,3796,29,57,1
Jaú,SP,202052,2020-12-23,4181,34,90,0
Tatuí,SP,202052,2020-12-23,3764,1,96,1
Avaré,SP,202052,2020-12-24,1270,18,21,0
Botucatu,SP,202052,2020-12-24,3846,50,57,0
Jaú,SP,202052,2020-12-24,4230,49,91,1
Tatuí,SP,202052,2020-12-24,3769,5,96,0
Avaré,SP,202052,2020-12-25,1272,2,21,0
Botucatu,SP,202052,2020-12-25,3866,20,57,0
Jaú,SP,202052,2020-12-25,4249,19,91,0
Tatuí,SP,202052,2020-12-25,3774,5,96,0
Avaré,SP,202052,2020-12-26,1272,0,21,0
Botucatu,SP,202052,2020-12-26,3869,3,57,0
Jaú,SP,202052,2020-12-26,4255,6,91,0
Tatuí,SP,202052,2020-12-26,3776,2,96,0
Avaré,SP,202053,2020-12-27,1274,2,21,0
Botucatu,SP,202053,2020-12-27,3870,1,57,0
Jaú,SP,202053,2020-12-27,4271,16,91,0
Tatuí,SP,202053,2020-12-27,3777,1,99,3
Avaré,SP,202053,2020-12-28,1278,4,21,0
Botucatu,SP,202053,2020-12-28,3871,1,57,0
Jaú,SP,202053,2020-12-28,4276,5,91,0
Tatuí,SP,202053,2020-12-28,3777,0,99,0
Avaré,SP,202053,2020-12-29,1285,7,21,0
Botucatu,SP,202053,2020-12-29,3935,64,58,1
Jaú,SP,202053,2020-12-29,4318,42,96,5
Tatuí,SP,202053,2020-12-29,3782,5,99,0
Avaré,SP,202053,2020-12-30,1285,0,21,0
Botucatu,SP,202053,2020-12-30,3935,0,58,0
Jaú,SP,202053,2020-12-30,4318,0,96,0
Tatuí,SP,202053,2020-12-30,3782,0,99,0
Avaré,SP,202053,2020-12-31,1288,3,21,0
Botucatu,SP,202053,2020-12-31,4051,116,58,0
Jaú,SP,202053,2020-12-31,4344,26,98,2
Tatuí,SP,202053,2020-12-31,3793,11,99,0
Avaré,SP,202053,2021-01-01,1288,0,21,0
Botucatu,SP,202053,2021-01-01,4051,0,58,0
Jaú,SP,202053,2021-01-01,4344,0,98,0
Tatuí,SP,202053,2021-01-01,3793,0,99,0
Avaré,SP,202053,2021-01-02,1288,0,21,0
Botucatu,SP,202053,2021-01-02,4061,10,58,0
Jaú,SP,202053,2021-01-02,4357,13,98,0
Tatuí,SP,202053,2021-01-02,3793,0,100,1
Avaré,SP,202101,2021-01-03,1288,0,21,0
Botucatu,SP,202101,2021-01-03,4061,0,58,0
Jaú,SP,202101,2021-01-03,4365,8,98,0
Tatuí,SP,202101,2021-01-03,3793,0,100,0
Avaré,SP,202101,2021-01-04,1288,0,21,0
Botucatu,SP,202101,2021-01-04,4062,1,58,0
Jaú,SP,202101,2021-01-04,4380,15,98,0
Tatuí,SP,202101,2021-01-04,3793,0,100,0
Avaré,SP,202101,2021-01-05,1294,6,21,0
Botucatu,SP,202101,2021-01-05,4166,104,58,0
Jaú,SP,202101,2021-01-05,4420,40,98,0
Tatuí,SP,202101,2021-01-05,3848,55,100,0
Avaré,SP,202101,2021-01-06,1302,8,21,0
Botucatu,SP,202101,2021-01-06,4252,86,59,1
Jaú,SP,202101,2021-01-06,4437,17,98,0
Tatuí,SP,202101,2021-01-06,3854,6,102,2
Avaré,SP,202101,2021-01-07,1311,9,23,2
Botucatu,SP,202101,2021-01-07,4378,126,60,1
Jaú,SP,202101,2021-01-07,4463,26,98,0
Tatuí,SP,202101,2021-01-07,3861,7,103,1
Avaré,SP,202101,2021-01-08,1315,4,23,0
Botucatu,SP,202101,2021-01-08,4440,62,61,1
Jaú,SP,202101,2021-01-08,4491,28,98,0
Tatuí,SP,202101,2021-01-08,3864,3,103,0
Avaré,SP,202101,2021-01-09,1320,5,23,0
Botucatu,SP,202101,2021-01-09,4500,60,61,0
Jaú,SP,202101,2021-01-09,4501,10,100,2
Tatuí,SP,202101,2021-01-09,3888,24,105,2
Avaré,SP,202102,2021-01-10,1325,5,23,0
Botucatu,SP,202102,2021-01-10,4502,2,61,0
Jaú,SP,202102,2021-01-10,4511,10,100,0
Tatuí,SP,202102,2021-01-10,3890,2,105,0
Avaré,SP,202102,2021-01-11,1339,14,23,0
Botucatu,SP,202102,2021-01-11,4552,50,63,2
Jaú,SP,202102,2021-01-11,4514,3,100,0
Tatuí,SP,202102,2021-01-11,3890,0,105,0
Avaré,SP,202102,2021-01-12,1343,4,24,1
Botucatu,SP,202102,2021-01-12,4574,22,64,1
Jaú,SP,202102,2021-01-12,4524,10,100,0
Tatuí,SP,202102,2021-01-12,3897,7,109,4
Avaré,SP,202102,2021-01-13,1354,11,24,0
Botucatu,SP,202102,2021-01-13,4698,124,66,2
Jaú,SP,202102,2021-01-13,4570,46,100,0
Tatuí,SP,202102,2021-01-13,3903,6,109,0
Avaré,SP,202102,2021-01-14,1357,3,24,0
Botucatu,SP,202102,2021-01-14,4840,142,67,1
Jaú,SP,202102,2021-01-14,4585,15,107,7
Tatuí,SP,202102,2021-01-14,3909,6,109,0
Avaré,SP,202102,2021-01-15,1362,5,24,0
Botucatu,SP,202102,2021-01-15,4965,125,67,0
Jaú,SP,202102,2021-01-15,4613,28,107,0
Tatuí,SP,202102,2021-01-15,3919,10,112,3
Avaré,SP,202102,2021-01-16,1366,4,24,0
Botucatu,SP,202102,2021-01-16,5024,59,68,1
Jaú,SP,202102,2021-01-16,4658,45,107,0
Tatuí,SP,202102,2021-01-16,3925,6,113,1
Avaré,SP,202103,2021-01-17,1367,1,24,0
Botucatu,SP,202103,2021-01-17,5112,88,68,0
Jaú,SP,202103,2021-01-17,4680,22,107,0
Tatuí,SP,202103,2021-01-17,3926,1,113,0
Avaré,SP,202103,2021-01-18,1367,0,24,0
Botucatu,SP,202103,2021-01-18,5118,6,68,0
Jaú,SP,202103,2021-01-18,4682,2,107,0
Tatuí,SP,202103,2021-01-18,3932,6,113,0
Avaré,SP,202103,2021-01-19,1381,14,24,0
Botucatu,SP,202103,2021-01-19,5117,-1,68,0
Jaú,SP,202103,2021-01-19,4738,56,107,0
Tatuí,SP,202103,2021-01-19,3942,10,114,1
Avaré,SP,202103,2021-01-20,1480,99,27,3
Botucatu,SP,202103,2021-01-20,5201,84,68,0
Jaú,SP,202103,2021-01-20,4775,37,107,0
Tatuí,SP,202103,2021-01-20,3960,18,115,1
Avaré,SP,202103,2021-01-21,1543,63,27,0
Botucatu,SP,202103,2021-01-21,5249,48,69,1
Jaú,SP,202103,2021-01-21,4823,48,109,2
Tatuí,SP,202103,2021-01-21,3968,8,115,0
Avaré,SP,202103,2021-01-22,1555,12,27,0
Botucatu,SP,202103,2021-01-22,5291,42,70,1
Jaú,SP,202103,2021-01-22,4860,37,109,0
Tatuí,SP,202103,2021-01-22,3976,8,115,0
Avaré,SP,202103,2021-01-23,1592,37,27,0
Botucatu,SP,202103,2021-01-23,5323,32,70,0
Jaú,SP,202103,2021-01-23,4900,40,109,0
Tatuí,SP,202103,2021-01-23,3984,8,115,0
Avaré,SP,202104,2021-01-24,1592,0,27,0
Botucatu,SP,202104,2021-01-24,5416,93,70,0
Jaú,SP,202104,2021-01-24,4934,34,109,0
Tatuí,SP,202104,2021-01-24,4019,35,115,0
Avaré,SP,202104,2021-01-25,1593,1,27,0
Botucatu,SP,202104,2021-01-25,5416,0,70,0
Jaú,SP,202104,2021-01-25,4943,9,109,0
Tatuí,SP,202104,2021-01-25,4022,3,115,0
Avaré,SP,202104,2021-01-26,1781,188,27,0
Botucatu,SP,202104,2021-01-26,5554,138,71,1
Jaú,SP,202104,2021-01-26,4990,47,109,0
Tatuí,SP,202104,2021-01-26,4106,84,115,0
Avaré,SP,202104,2021-01-27,1843,62,27,0
Botucatu,SP,202104,2021-01-27,5653,99,72,1
Jaú,SP,202104,2021-01-27,5037,47,110,1
Tatuí,SP,202104,2021-01-27,4133,27,115,0
Avaré,SP,202104,2021-01-28,1877,34,27,0
Botucatu,SP,202104,2021-01-28,5717,64,73,1
Jaú,SP,202104,2021-01-28,5102,65,112,2
Tatuí,SP,202104,2021-01-28,4141,8,116,1
Avaré,SP,202104,2021-01-29,1911,34,27,0
Botucatu,SP,202104,2021-01-29,5732,15,75,2
Jaú,SP,202104,2021-01-29,5131,29,112,0
Tatuí,SP,202104,2021-01-29,4146,5,116,0
Avaré,SP,202104,2021-01-30,1936,25,28,1
Botucatu,SP,202104,2021-01-30,5892,160,75,0
Jaú,SP,202104,2021-01-30,5163,32,115,3
Tatuí,SP,202104,2021-01-30,4152,6,117,1
Avaré,SP,202105,2021-01-31,1937,1,28,0
Botucatu,SP,202105,2021-01-31,6045,153,75,0
Jaú,SP,202105,2021-01-31,5180,17,115,0
Tatuí,SP,202105,2021-01-31,4156,4,117,0
Avaré,SP,202105,2021-02-01,1937,0,28,0
Botucatu,SP,202105,2021-02-01,6046,1,75,0
Jaú,SP,202105,2021-02-01,5192,12,115,0
Tatuí,SP,202105,2021-02-01,4158,2,117,0
Avaré,SP,202105,2021-02-02,1956,19,29,1
Botucatu,SP,202105,2021-02-02,6230,184,79,4
Jaú,SP,202105,2021-02-02,5252,60,116,1
Tatuí,SP,202105,2021-02-02,4169,11,117,0
Avaré,SP,202105,2021-02-03,1993,37,30,1
Botucatu,SP,202105,2021-02-03,6360,130,79,0
Jaú,SP,202105,2021-02-03,5271,19,116,0
Tatuí,SP,202105,2021-02-03,4175,6,117,0
Avaré,SP,202105,2021-02-04,2036,43,30,0
Botucatu,SP,202105,2021-02-04,6502,142,81,2
Jaú,SP,202105,2021-02-04,5288,17,116,0
Tatuí,SP,202105,2021-02-04,4190,15,117,0
Avaré,SP,202105,2021-02-05,2070,34,30,0
Botucatu,SP,202105,2021-02-05,6546,44,82,1
Jaú,SP,202105,2021-02-05,5317,29,117,1
Tatuí,SP,202105,2021-02-05,4199,9,119,2
Avaré,SP,202105,2021-02-06,2136,66,30,0
Botucatu,SP,202105,2021-02-06,6624,78,84,2
Jaú,SP,202105,2021-02-06,5342,25,117,0
Tatuí,SP,202105,2021-02-06,4222,23,122,3
Avaré,SP,202106,2021-02-07,2136,0,30,0
Botucatu,SP,202106,2021-02-07,6646,22,84,0
Jaú,SP,202106,2021-02-07,5349,7,117,0
Tatuí,SP,202106,2021-02-07,4226,4,122,0
Avaré,SP,202106,2021-02-08,2137,1,30,0
Botucatu,SP,202106,2021-02-08,6646,0,84,0
Jaú,SP,202106,2021-02-08,5349,0,117,0
Tatuí,SP,202106,2021-02-08,4226,0,122,0
Avaré,SP,202106,2021-02-09,2163,26,33,3
Botucatu,SP,202106,2021-02-09,6712,66,88,4
Jaú,SP,202106,2021-02-09,5369,20,117,0
Tatuí,SP,202106,2021-02-09,4228,2,123,1
Avaré,SP,202106,2021-02-10,2216,53,33,0
Botucatu,SP,202106,2021-02-10,6752,40,88,0
Jaú,SP,202106,2021-02-10,5415,46,140,23
Tatuí,SP,202106,2021-02-10,4234,6,123,0
Avaré,SP,202106,2021-02-11,2265,49,33,0
Botucatu,SP,202106,2021-02-11,6797,45,88,0
Jaú,SP,202106,2021-02-11,5441,26,152,12
Tatuí,SP,202106,2021-02-11,4236,2,124,1
Avaré,SP,202106,2021-02-12,2305,40,33,0
Botucatu,SP,202106,2021-02-12,6935,138,91,3
Jaú,SP,202106,2021-02-12,5514,73,172,20
Tatuí,SP,202106,2021-02-12,4243,7,124,0
Avaré,SP,202106,2021-02-13,2314,9,33,0
Botucatu,SP,202106,2021-02-13,6948,13,91,0
Jaú,SP,202106,2021-02-13,5545,31,185,13
Tatuí,SP,202106,2021-02-13,4250,7,124,0
Avaré,SP,202107,2021-02-14,2318,4,33,0
Botucatu,SP,202107,2021-02-14,6948,0,91,0
Jaú,SP,202107,2021-02-14,5546,1,185,0
Tatuí,SP,202107,2021-02-14,4250,0,124,0
Avaré,SP,202107,2021-02-15,2318,0,33,0
Botucatu,SP,202107,2021-02-15,6951,3,91,0
Jaú,SP,202107,2021-02-15,5551,5,188,3
Tatuí,SP,202107,2021-02-15,4250,0,124,0
Avaré,SP,202107,2021-02-16,2334,16,33,0
Botucatu,SP,202107,2021-02-16,7091,140,93,2
Jaú,SP,202107,2021-02-16,5627,76,214,26
Tatuí,SP,202107,2021-02-16,4255,5,124,0
Avaré,SP,202107,2021-02-17,2341,7,33,0
Botucatu,SP,202107,2021-02-17,7101,10,93,0
Jaú,SP,202107,2021-02-17,5698,71,216,2
Tatuí,SP,202107,2021-02-17,4257,2,124,0
Avaré,SP,202107,2021-02-18,2352,11,33,0
Botucatu,SP,202107,2021-02-18,7179,78,95,2
Jaú,SP,202107,2021-02-18,5755,57,221,5
Tatuí,SP,202107,2021-02-18,4267,10,126,2
Avaré,SP,202107,2021-02-19,2419,67,33,0
Botucatu,SP,202107,2021-02-19,7297,118,96,1
Jaú,SP,202107,2021-02-19,5795,40,228,7
Tatuí,SP,202107,2021-02-19,4292,25,128,2
Avaré,SP,202107,2021-02-20,2465,46,33,0
Botucatu,SP,202107,2021-02-20,7364,67,96,0
Jaú,SP,202107,2021-02-20,5829,34,236,8
Tatuí,SP,202107,2021-02-20,4313,21,128,0
Avaré,SP,202108,2021-02-21,2471,6,33,0
Botucatu,SP,202108,2021-02-21,7367,3,96,0
Jaú,SP,202108,2021-02-21,5849,20,236,0
Tatuí,SP,202108,2021-02-21,4313,0,128,0
Avaré,SP,202108,2021-02-22,2483,12,34,1
Botucatu,SP,202108,2021-02-22,7376,9,96,0
Jaú,SP,202108,2021-02-22,5856,7,236,0
Tatuí,SP,202108,2021-02-22,4319,6,129,1
Avaré,SP,202108,2021-02-23,2523,40,34,0
Botucatu,SP,202108,2021-02-23,7530,154,99,3
Jaú,SP,202108,2021-02-23,5905,49,242,6
Tatuí,SP,202108,2021-02-23,4338,19,130,1
Avaré,SP,202108,2021-02-24,2567,44,35,1
Botucatu,SP,202108,2021-02-24,7564,34,100,1
Jaú,SP,202108,2021-02-24,5962,57,242,0
Tatuí,SP,202108,2021-02-24,4349,11,130,0
Avaré,SP,202108,2021-02-25,2603,36,35,0
Botucatu,SP,202108,2021-02-25,7677,113,100,0
Jaú,SP,202108,2021-02-25,6003,41,242,0
Tatuí,SP,202108,2021-02-25,4358,9,130,0
Avaré,SP,202108,2021-02-26,2654,51,39,4
Botucatu,SP,202108,2021-02-26,7742,65,100,0
Jaú,SP,202108,2021-02-26,6029,26,242,0
Tatuí,SP,202108,2021-02-26,4370,12,136,6
Avaré,SP,202108,2021-02-27,2696,42,41,2
Botucatu,SP,202108,2021-02-27,7798,56,104,4
Jaú,SP,202108,2021-02-27,6051,22,244,2
Tatuí,SP,202108,2021-02-27,4376,6,137,1
Avaré,SP,202109,2021-02-28,2705,9,41,0
Botucatu,SP,202109,2021-02-28,7848,50,104,0
Jaú,SP,202109,2021-02-28,6057,6,244,0
Tatuí,SP,202109,2021-02-28,4381,5,137,0
Avaré,SP,202109,2021-03-01,2726,21,41,0
Botucatu,SP,202109,2021-03-01,7854,6,104,0
Jaú,SP,202109,2021-03-01,6057,0,244,0
Tatuí,SP,202109,2021-03-01,4394,13,137,0
Avaré,SP,202109,2021-03-02,2755,29,47,6
Botucatu,SP,202109,2021-03-02,7914,60,106,2
Jaú,SP,202109,2021-03-02,6082,25,244,0
Tatuí,SP,202109,2021-03-02,4397,3,137,0
Avaré,SP,202109,2021-03-03,2821,66,47,0
Botucatu,SP,202109,2021-03-03,7920,6,106,0
Jaú,SP,202109,2021-03-03,6100,18,244,0
Tatuí,SP,202109,2021-03-03,4413,16,137,0
Avaré,SP,202109,2021-03-04,2860,39,47,0
Botucatu,SP,202109,2021-03-04,8001,81,106,0
Jaú,SP,202109,2021-03-04,6135,35,244,0
Tatuí,SP,202109,2021-03-04,4422,9,137,0
Avaré,SP,202109,2021-03-05,2920,60,50,3
Botucatu,SP,202109,2021-03-05,8083,82,108,2
Jaú,SP,202109,2021-03-05,6154,19,244,0
Tatuí,SP,202109,2021-03-05,4431,9,139,2
Avaré,SP,202109,2021-03-06,2970,50,50,0
Botucatu,SP,202109,2021-03-06,8185,102,108,0
Jaú,SP,202109,2021-03-06,6174,20,244,0
Tatuí,SP,202109,2021-03-06,4440,9,139,0
Avaré,SP,202110,2021-03-07,2998,28,50,0
Botucatu,SP,202110,2021-03-07,8260,75,108,0
Jaú,SP,202110,2021-03-07,6196,22,247,3
Tatuí,SP,202110,2021-03-07,4454,14,140,1
Avaré,SP,202110,2021-03-08,3013,15,50,0
Botucatu,SP,202110,2021-03-08,8271,11,108,0
Jaú,SP,202110,2021-03-08,6197,1,247,0
Tatuí,SP,202110,2021-03-08,4455,1,140,0
Avaré,SP,202110,2021-03-09,3071,58,51,1
Botucatu,SP,202110,2021-03-09,8317,46,108,0
Jaú,SP,202110,2021-03-09,6204,7,247,0
Tatuí,SP,202110,2021-03-09,4462,7,140,0
Avaré,SP,202110,2021-03-10,3152,81,53,2
Botucatu,SP,202110,2021-03-10,8385,68,111,3
Jaú,SP,202110,2021-03-10,6249,45,252,5
Tatuí,SP,202110,2021-03-10,4470,8,140,0
Avaré,SP,202110,2021-03-11,3254,102,55,2
Botucatu,SP,202110,2021-03-11,8485,100,113,2
Jaú,SP,202110,2021-03-11,6274,25,251,-1
Tatuí,SP,202110,2021-03-11,4469,-1,140,0
Avaré,SP,202110,2021-03-12,3332,78,56,1
Botucatu,SP,202110,2021-03-12,8503,18,114,1
Jaú,SP,202110,2021-03-12,6285,11,252,1
Tatuí,SP,202110,2021-03-12,4474,5,140,0
Avaré,SP,202110,2021-03-13,3388,56,58,2
Botucatu,SP,202110,2021-03-13,8618,115,115,1
Jaú,SP,202110,2021-03-13,6302,17,252,0
Tatuí,SP,202110,2021-03-13,4484,10,140,0
Avaré,SP,202111,2021-03-14,3429,41,58,0
Botucatu,SP,202111,2021-03-14,8747,129,115,0
Jaú,SP,202111,2021-03-14,6317,15,252,0
Tatuí,SP,202111,2021-03-14,4487,3,140,0
Avaré,SP,202111,2021-03-15,3470,41,58,0
Botucatu,SP,202111,2021-03-15,8760,13,118,3
Jaú,SP,202111,2021-03-15,6323,6,252,0
Tatuí,SP,202111,2021-03-15,4507,20,140,0
Avaré,SP,202111,2021-03-16,3556,86,60,2
Botucatu,SP,202111,2021-03-16,8772,12,118,0
Jaú,SP,202111,2021-03-16,6336,13,252,0
Tatuí,SP,202111,2021-03-16,4519,12,140,0
Avaré,SP,202111,2021-03-17,3604,48,68,8
Botucatu,SP,202111,2021-03-17,8937,165,121,3
Jaú,SP,202111,2021-03-17,6346,10,252,0
Tatuí,SP,202111,2021-03-17,4527,8,140,0
Avaré,SP,202111,2021-03-18,3668,64,70,2
Botucatu,SP,202111,2021-03-18,9097,160,124,3
Jaú,SP,202111,2021-03-18,6370,24,254,2
Tatuí,SP,202111,2021-03-18,4554,27,140,0
Avaré,SP,202111,2021-03-19,3709,41,70,0
Botucatu,SP,202111,2021-03-19,9166,69,125,1
Jaú,SP,202111,2021-03-19,6395,25,257,3
Tatuí,SP,202111,2021-03-19,4591,37,140,0
Avaré,SP,202111,2021-03-20,3762,53,70,0
Botucatu,SP,202111,2021-03-20,9249,83,127,2
Jaú,SP,202111,2021-03-20,6419,24,257,0
Tatuí,SP,202111,2021-03-20,4624,33,149,9
Avaré,SP,202112,2021-03-21,3790,28,70,0
Botucatu,SP,202112,2021-03-21,9254,5,126,-1
Jaú,SP,202112,2021-03-21,6430,11,257,0
Tatuí,SP,202112,2021-03-21,4650,26,151,2
Avaré,SP,202112,2021-03-22,3818,28,70,0
Botucatu,SP,202112,2021-03-22,9258,4,126,0
Jaú,SP,202112,2021-03-22,6431,1,257,0
Tatuí,SP,202112,2021-03-22,4667,17,151,0
Avaré,SP,202112,2021-03-23,3855,37,72,2
Botucatu,SP,202112,2021-03-23,9342,84,132,6
Jaú,SP,202112,2021-03-23,6463,32,259,2
Tatuí,SP,202112,2021-03-23,4674,7,154,3
Avaré,SP,202112,2021-03-24,3967,112,72,0
Botucatu,SP,202112,2021-03-24,9431,89,133,1
Jaú,SP,202112,2021-03-24,6496,33,259,0
Tatuí,SP,202112,2021-03-24,4698,24,154,0
Avaré,SP,202112,2021-03-25,4019,52,74,2
Botucatu,SP,202112,2021-03-25,9440,9,133,0
Jaú,SP,202112,2021-03-25,6506,10,259,0
Tatuí,SP,202112,2021-03-25,4733,35,162,8
Avaré,SP,202112,2021-03-26,4079,60,79,5
Botucatu,SP,202112,2021-03-26,9630,190,143,10
Jaú,SP,202112,2021-03-26,6523,17,262,3
Tatuí,SP,202112,2021-03-26,4758,25,163,1
Avaré,SP,202112,2021-03-27,4112,33,79,0
Botucatu,SP,202112,2021-03-27,9769,139,146,3
Jaú,SP,202112,2021-03-27,6535,12,263,1
Tatuí,SP,202112,2021-03-27,4769,11,163,0
Avaré,SP,202113,2021-03-28,4161,49,79,0
Botucatu,SP,202113,2021-03-28,9773,4,146,0
Jaú,SP,202113,2021-03-28,6546,11,263,0
Tatuí,SP,202113,2021-03-28,4774,5,163,0
Avaré,SP,202113,2021-03-29,4185,24,79,0
Botucatu,SP,202113,2021-03-29,9776,3,147,1
Jaú,SP,202113,2021-03-29,6550,4,263,0
Tatuí,SP,202113,2021-03-29,4779,5,163,0
Avaré,SP,202113,2021-03-30,4233,48,85,6
Botucatu,SP,202113,2021-03-30,9827,51,149,2
Jaú,SP,202113,2021-03-30,6566,16,270,7
Tatuí,SP,202113,2021-03-30,4799,20,163,0
Avaré,SP,202113,2021-03-31,4275,42,87,2
Botucatu,SP,202113,2021-03-31,9930,103,156,7
Jaú,SP,202113,2021-03-31,6594,28,297,27
Tatuí,SP,202113,2021-03-31,4829,30,172,9
Avaré,SP,202113,2021-04-01,4341,66,91,4
Botucatu,SP,202113,2021-04-01,10081,151,157,1
Jaú,SP,202113,2021-04-01,6661,67,301,4
Tatuí,SP,202113,2021-04-01,4839,10,173,1
Avaré,SP,202113,2021-04-02,4375,34,95,4
Botucatu,SP,202113,2021-04-02,10157,76,159,2
Jaú,SP,202113,2021-04-02,6704,43,304,3
Tatuí,SP,202113,2021-04-02,4843,4,175,2
Avaré,SP,202113,2021-04-03,4413,38,95,0
Botucatu,SP,202113,2021-04-03,10168,11,159,0
Jaú,SP,202113,2021-04-03,6708,4,304,0
Tatuí,SP,202113,2021-04-03,4851,8,175,0
Avaré,SP,202114,2021-04-04,4489,76,95,0
Botucatu,SP,202114,2021-04-04,10171,3,159,0
Jaú,SP,202114,2021-04-04,6715,7,304,0
Tatuí,SP,202114,2021-04-04,4900,49,185,10
Avaré,SP,202114,2021-04-05,4504,15,92,-3
Botucatu,SP,202114,2021-04-05,10181,10,159,0
Jaú,SP,202114,2021-04-05,6718,3,304,0
Tatuí,SP,202114,2021-04-05,4904,4,185,0
Avaré,SP,202114,2021-04-06,4561,57,92,0
Botucatu,SP,202114,2021-04-06,10294,113,162,3
Jaú,SP,202114,2021-04-06,6734,16,304,0
Tatuí,SP,202114,2021-04-06,4906,2,186,1
Avaré,SP,202114,2021-04-07,4639,78,92,0
Botucatu,SP,202114,2021-04-07,10369,75,163,1
Jaú,SP,202114,2021-04-07,6749,15,309,5
Tatuí,SP,202114,2021-04-07,4913,7,186,0
Avaré,SP,202114,2021-04-08,4691,52,94,2
Botucatu,SP,202114,2021-04-08,10506,137,165,2
Jaú,SP,202114,2021-04-08,6762,13,309,0
Tatuí,SP,202114,2021-04-08,4922,9,189,3
Avaré,SP,202114,2021-04-09,4738,47,100,6
Botucatu,SP,202114,2021-04-09,10533,27,166,1
Jaú,SP,202114,2021-04-09,6778,16,309,0
Tatuí,SP,202114,2021-04-09,4941,19,197,8
Avaré,SP,202114,2021-04-10,4801,63,105,5
Botucatu,SP,202114,2021-04-10,10576,43,169,3
Jaú,SP,202114,2021-04-10,6788,10,309,0
Tatuí,SP,202114,2021-04-10,4946,5,197,0
Avaré,SP,202115,2021-04-11,4911,110,105,0
Botucatu,SP,202115,2021-04-11,10629,53,171,2
Jaú,SP,202115,2021-04-11,6789,1,309,0
Tatuí,SP,202115,2021-04-11,4989,43,225,28
Avaré,SP,202115,2021-04-12,4930,19,105,0
Botucatu,SP,202115,2021-04-12,10633,4,174,3
Jaú,SP,202115,2021-04-12,6792,3,309,0
Tatuí,SP,202115,2021-04-12,4989,0,225,0
Avaré,SP,202115,2021-04-13,5004,74,109,4
Botucatu,SP,202115,2021-04-13,10646,13,175,1
Jaú,SP,202115,2021-04-13,6800,8,310,1
Tatuí,SP,202115,2021-04-13,5008,19,232,7
Avaré,SP,202115,2021-04-14,5078,74,109,0
Botucatu,SP,202115,2021-04-14,10660,14,177,2
Jaú,SP,202115,2021-04-14,6813,13,312,2
Tatuí,SP,202115,2021-04-14,5024,16,233,1
Avaré,SP,202115,2021-04-15,5163,85,109,0
Botucatu,SP,202115,2021-04-15,10669,9,177,0
Jaú,SP,202115,2021-04-15,6824,11,315,3
Tatuí,SP,202115,2021-04-15,5036,12,235,2
Avaré,SP,202115,2021-04-16,5233,70,112,3
Botucatu,SP,202115,2021-04-16,10678,9,180,3
Jaú,SP,202115,2021-04-16,6836,12,333,18
Tatuí,SP,202115,2021-04-16,5055,19,237,2
Avaré,SP,202115,2021-04-17,5272,39,114,2
Botucatu,SP,202115,2021-04-17,10689,11,183,3
Jaú,SP,202115,2021-04-17,6874,38,337,4
Tatuí,SP,202115,2021-04-17,5061,6,237,0
Avaré,SP,202116,2021-04-18,5311,39,114,0
Botucatu,SP,202116,2021-04-18,10697,8,183,0
Jaú,SP,202116,2021-04-18,6875,1,337,0
Tatuí,SP,202116,2021-04-18,5066,5,238,1
Avaré,SP,202116,2021-04-19,5320,9,114,0
Botucatu,SP,202116,2021-04-19,10699,2,183,0
Jaú,SP,202116,2021-04-19,6881,6,337,0
Tatuí,SP,202116,2021-04-19,5075,9,238,0
Avaré,SP,202116,2021-04-20,5411,91,116,2
Botucatu,SP,202116,2021-04-20,10715,16,189,6
Jaú,SP,202116,2021-04-20,6914,33,339,2
Tatuí,SP,202116,2021-04-20,5087,12,242,4
Avaré,SP,202116,2021-04-21,5519,108,118,2
Botucatu,SP,202116,2021-04-21,10738,23,191,2
Jaú,SP,202116,2021-04-21,6934,20,346,7
Tatuí,SP,202116,2021-04-21,5099,12,247,5
Avaré,SP,202116,2021-04-22,5588,69,118,0
Botucatu,SP,202116,2021-04-22,10754,16,192,1
Jaú,SP,202116,2021-04-22,6945,11,346,0
Tatuí,SP,202116,2021-04-22,5104,5,253,6
Avaré,SP,202116,2021-04-23,5641,53,121,3
Botucatu,SP,202116,2021-04-23,10778,24,193,1
Jaú,SP,202116,2021-04-23,6967,22,346,0
Tatuí,SP,202116,2021-04-23,5114,10,254,1
Avaré,SP,202116,2021-04-24,5641,0,121,0
Botucatu,SP,202116,2021-04-24,10778,0,193,0
Jaú,SP,202116,2021-04-24,6967,0,346,0
Tatuí,SP,202116,2021-04-24,5114,0,254,0
Avaré,SP,202117,2021-04-25,5796,155,122,1
Botucatu,SP,202117,2021-04-25,10803,25,194,1
Jaú,SP,202117,2021-04-25,7022,55,346,0
Tatuí,SP,202117,2021-04-25,5132,18,262,8
Avaré,SP,202117,2021-04-26,5805,9,122,0
Botucatu,SP,202117,2021-04-26,10808,5,194,0
Jaú,SP,202117,2021-04-26,7023,1,346,0
Tatuí,SP,202117,2021-04-26,5132,0,262,0
Avaré,SP,202117,2021-04-27,5877,72,132,10
Botucatu,SP,202117,2021-04-27,10845,37,197,3
Jaú,SP,202117,2021-04-27,7046,23,347,1
Tatuí,SP,202117,2021-04-27,5148,16,265,3
Avaré,SP,202117,2021-04-28,5951,74,136,4
Botucatu,SP,202117,2021-04-28,10879,34,199,2
Jaú,SP,202117,2021-04-28,7070,24,348,1
Tatuí,SP,202117,2021-04-28,5155,7,266,1
Avaré,SP,202117,2021-04-29,5989,38,137,1
Botucatu,SP,202117,2021-04-29,10904,25,204,5
Jaú,SP,202117,2021-04-29,7085,15,349,1
Tatuí,SP,202117,2021-04-29,5163,8,267,1
Avaré,SP,202117,2021-04-30,6069,80,137,0
Botucatu,SP,202117,2021-04-30,10939,35,204,0
Jaú,SP,202117,2021-04-30,7107,22,351,2
Tatuí,SP,202117,2021-04-30,5176,13,267,0
Avaré,SP,202117,2021-05-01,6069,0,137,0
Botucatu,SP,202117,2021-05-01,10939,0,204,0
Jaú,SP,202117,2021-05-01,7107,0,351,0
Tatuí,SP,202117,2021-05-01,5176,0,267,0
Avaré,SP,202118,2021-05-02,6163,94,137,0
Botucatu,SP,202118,2021-05-02,10960,21,205,1
Jaú,SP,202118,2021-05-02,7132,25,352,1
Tatuí,SP,202118,2021-05-02,5205,29,269,2
Avaré,SP,202118,2021-05-03,6189,26,137,0
Botucatu,SP,202118,2021-05-03,10968,8,205,0
Jaú,SP,202118,2021-05-03,7136,4,352,0
Tatuí,SP,202118,2021-05-03,5206,1,269,0
Avaré,SP,202118,2021-05-04,6246,57,139,2
Botucatu,SP,202118,2021-05-04,11035,67,207,2
Jaú,SP,202118,2021-05-04,7141,5,352,0
Tatuí,SP,202118,2021-05-04,5224,18,273,4
Avaré,SP,202118,2021-05-05,6299,53,140,1
Botucatu,SP,202118,2021-05-05,11071,36,208,1
Jaú,SP,202118,2021-05-05,7141,0,361,9
Tatuí,SP,202118,2021-05-05,5234,10,276,3
Avaré,SP,202118,2021-05-06,6346,47,141,1
Botucatu,SP,202118,2021-05-06,11125,54,210,2
Jaú,SP,202118,2021-05-06,7148,7,371,10
Tatuí,SP,202118,2021-05-06,5243,9,278,2
Avaré,SP,202118,2021-05-07,6483,137,144,3
Botucatu,SP,202118,2021-05-07,11163,38,210,0
Jaú,SP,202118,2021-05-07,7157,9,372,1
Tatuí,SP,202118,2021-05-07,5259,16,282,4
Avaré,SP,202118,2021-05-08,6564,81,145,1
Botucatu,SP,202118,2021-05-08,11204,41,211,1
Jaú,SP,202118,2021-05-08,7172,15,373,1
Tatuí,SP,202118,2021-05-08,5266,7,285,3
Avaré,SP,202119,2021-05-09,6615,51,145,0
Botucatu,SP,202119,2021-05-09,11214,10,211,0
Jaú,SP,202119,2021-05-09,7177,5,373,0
Tatuí,SP,202119,2021-05-09,5270,4,285,0
Avaré,SP,202119,2021-05-10,6646,31,145,0
Botucatu,SP,202119,2021-05-10,11237,23,211,0
Jaú,SP,202119,2021-05-10,7178,1,373,0
Tatuí,SP,202119,2021-05-10,5270,0,285,0
Avaré,SP,202119,2021-05-11,6713,67,148,3
Botucatu,SP,202119,2021-05-11,11306,69,211,0
Jaú,SP,202119,2021-05-11,7199,21,387,14
Tatuí,SP,202119,2021-05-11,5278,8,287,2
Avaré,SP,202119,2021-05-12,6774,61,150,2
Botucatu,SP,202119,2021-05-12,11333,27,211,0
Jaú,SP,202119,2021-05-12,7207,8,395,8
Tatuí,SP,202119,2021-05-12,5285,7,288,1
Avaré,SP,202119,2021-05-13,6850,76,150,0
Botucatu,SP,202119,2021-05-13,11419,86,211,0
Jaú,SP,202119,2021-05-13,7243,36,396,1
Tatuí,SP,202119,2021-05-13,5299,14,290,2
Avaré,SP,202119,2021-05-14,6903,53,153,3
Botucatu,SP,202119,2021-05-14,11492,73,211,0
Jaú,SP,202119,2021-05-14,7251,8,399,3
Tatuí,SP,202119,2021-05-14,5312,13,293,3
Avaré,SP,202119,2021-05-15,6969,66,154,1
Botucatu,SP,202119,2021-05-15,11533,41,211,0
Jaú,SP,202119,2021-05-15,7282,31,399,0
Tatuí,SP,202119,2021-05-15,5321,9,293,0
Avaré,SP,202120,2021-05-16,6969,0,154,0
Botucatu,SP,202120,2021-05-16,11533,0,211,0
Jaú,SP,202120,2021-05-16,7282,0,399,0
Tatuí,SP,202120,2021-05-16,5321,0,293,0
Avaré,SP,202120,2021-05-17,7040,71,154,0
Botucatu,SP,202120,2021-05-17,11570,37,211,0
Jaú,SP,202120,2021-05-17,7288,6,399,0
Tatuí,SP,202120,2021-05-17,5331,10,293,0
Avaré,SP,202120,2021-05-18,7130,90,158,4
Botucatu,SP,202120,2021-05-18,11612,42,213,2
Jaú,SP,202120,2021-05-18,7312,24,401,2
Tatuí,SP,202120,2021-05-18,5342,11,300,7
Avaré,SP,202120,2021-05-19,7205,75,160,2
Botucatu,SP,202120,2021-05-19,11663,51,215,2
Jaú,SP,202120,2021-05-19,7325,13,403,2
Tatuí,SP,202120,2021-05-19,5361,19,301,1
Avaré,SP,202120,2021-05-20,7281,76,160,0
Botucatu,SP,202120,2021-05-20,11716,53,217,2
Jaú,SP,202120,2021-05-20,7353,28,408,5
Tatuí,SP,202120,2021-05-20,5377,16,303,2
Avaré,SP,202120,2021-05-21,7341,60,161,1
Botucatu,SP,202120,2021-05-21,11754,38,218,1
Jaú,SP,202120,2021-05-21,7385,32,416,8
Tatuí,SP,202120,2021-05-21,5394,17,303,0
Avaré,SP,202120,2021-05-22,7394,53,161,0
Botucatu,SP,202120,2021-05-22,11799,45,219,1
Jaú,SP,202120,2021-05-22,7412,27,416,0
Tatuí,SP,202120,2021-05-22,5412,18,303,0
Avaré,SP,202121,2021-05-23,7472,78,161,0
Botucatu,SP,202121,2021-05-23,11809,10,219,0
Jaú,SP,202121,2021-05-23,7426,14,416,0
Tatuí,SP,202121,2021-05-23,5416,4,303,0
Avaré,SP,202121,2021-05-24,7495,23,161,0
Botucatu,SP,202121,2021-05-24,11816,7,220,1
Jaú,SP,202121,2021-05-24,7427,1,416,0
Tatuí,SP,202121,2021-05-24,5422,6,303,0
Avaré,SP,202121,2021-05-25,7579,84,166,5
Botucatu,SP,202121,2021-05-25,11898,82,221,1
Jaú,SP,202121,2021-05-25,7453,26,423,7
Tatuí,SP,202121,2021-05-25,5451,29,307,4
Avaré,SP,202121,2021-05-26,7681,102,167,1
Botucatu,SP,202121,2021-05-26,11946,48,224,3
Jaú,SP,202121,2021-05-26,7469,16,424,1
Tatuí,SP,202121,2021-05-26,5471,20,309,2
Avaré,SP,202121,2021-05-27,7747,66,168,1
Botucatu,SP,202121,2021-05-27,12009,63,226,2
Jaú,SP,202121,2021-05-27,7475,6,425,1
Tatuí,SP,202121,2021-05-27,5483,12,314,5
Avaré,SP,202121,2021-05-28,7754,7,170,2
Botucatu,SP,202121,2021-05-28,12008,-1,224,-2
Jaú,SP,202121,2021-05-28,7479,4,425,0
Tatuí,SP,202121,2021-05-28,5487,4,319,5
Avaré,SP,202121,2021-05-29,7818,64,170,0
Botucatu,SP,202121,2021-05-29,12049,41,229,5
Jaú,SP,202121,2021-05-29,7507,28,426,1
Tatuí,SP,202121,2021-05-29,5507,20,321,2
Avaré,SP,202122,2021-05-30,7867,49,170,0
Botucatu,SP,202122,2021-05-30,12069,20,229,0
Jaú,SP,202122,2021-05-30,7529,22,426,0
Tatuí,SP,202122,2021-05-30,5511,4,321,0
Avaré,SP,202122,2021-05-31,7885,18,170,0
Botucatu,SP,202122,2021-05-31,12086,17,229,0
Jaú,SP,202122,2021-05-31,7534,5,426,0
Tatuí,SP,202122,2021-05-31,5517,6,321,0
Avaré,SP,202122,2021-06-01,7885,0,170,0
Botucatu,SP,202122,2021-06-01,12086,0,229,0
Jaú,SP,202122,2021-06-01,7534,0,426,0
Tatuí,SP,202122,2021-06-01,5517,0,321,0
Avaré,SP,202122,2021-06-02,8122,237,174,4
Botucatu,SP,202122,2021-06-02,12225,139,233,4
Jaú,SP,202122,2021-06-02,7617,83,429,3
Tatuí,SP,202122,2021-06-02,5556,39,327,6
Avaré,SP,202122,2021-06-03,8235,113,176,2
Botucatu,SP,202122,2021-06-03,12293,68,235,2
Jaú,SP,202122,2021-06-03,7647,30,431,2
Tatuí,SP,202122,2021-06-03,5567,11,328,1
Avaré,SP,202122,2021-06-04,8243,8,176,0
Botucatu,SP,202122,2021-06-04,12297,4,235,0
Jaú,SP,202122,2021-06-04,7655,8,431,0
Tatuí,SP,202122,2021-06-04,5570,3,328,0
Avaré,SP,202122,2021-06-05,8342,99,177,1
Botucatu,SP,202122,2021-06-05,12319,22,237,2
Jaú,SP,202122,2021-06-05,7678,23,431,0
Tatuí,SP,202122,2021-06-05,5578,8,332,4
Avaré,SP,202123,2021-06-06,8399,57,177,0
Botucatu,SP,202123,2021-06-06,12327,8,237,0
Jaú,SP,202123,2021-06-06,7710,32,431,0
Tatuí,SP,202123,2021-06-06,5588,10,332,0
Avaré,SP,202123,2021-06-07,8436,37,177,0
Botucatu,SP,202123,2021-06-07,12333,6,237,0
Jaú,SP,202123,2021-06-07,7714,4,431,0
Tatuí,SP,202123,2021-06-07,5591,3,332,0
Avaré,SP,202123,2021-06-08,8479,43,183,6
Botucatu,SP,202123,2021-06-08,12357,24,242,5
Jaú,SP,202123,2021-06-08,7732,18,432,1
Tatuí,SP,202123,2021-06-08,5594,3,333,1
Avaré,SP,202123,2021-06-09,8500,21,185,2
Botucatu,SP,202123,2021-06-09,12366,9,246,4
Jaú,SP,202123,2021-06-09,7739,7,432,0
Tatuí,SP,202123,2021-06-09,5629,35,340,7
Avaré,SP,202123,2021-06-10,8582,82,187,2
Botucatu,SP,202123,2021-06-10,12425,59,249,3
Jaú,SP,202123,2021-06-10,7781,42,432,0
Tatuí,SP,202123,2021-06-10,5640,11,341,1
Avaré,SP,202123,2021-06-11,8650,68,190,3
Botucatu,SP,202123,2021-06-11,12554,129,250,1
Jaú,SP,202123,2021-06-11,7808,27,435,3
Tatuí,SP,202123,2021-06-11,5663,23,347,6
Avaré,SP,202123,2021-06-12,8700,50,191,1
Botucatu,SP,202123,2021-06-12,12655,101,252,2
Jaú,SP,202123,2021-06-12,7848,40,435,0
Tatuí,SP,202123,2021-06-12,5681,18,347,0
Avaré,SP,202124,2021-06-13,8757,57,191,0
Botucatu,SP,202124,2021-06-13,12665,10,252,0
Jaú,SP,202124,2021-06-13,7868,20,442,7
Tatuí,SP,202124,2021-06-13,5690,9,353,6
Avaré,SP,202124,2021-06-14,8757,0,191,0
Botucatu,SP,202124,2021-06-14,12665,0,252,0
Jaú,SP,202124,2021-06-14,7868,0,442,0
Tatuí,SP,202124,2021-06-14,5690,0,353,0
Avaré,SP,202124,2021-06-15,8909,152,201,10
Botucatu,SP,202124,2021-06-15,12767,102,254,2
Jaú,SP,202124,2021-06-15,7908,40,442,0
Tatuí,SP,202124,2021-06-15,5721,31,361,8
Avaré,SP,202124,2021-06-16,8972,63,203,2
Botucatu,SP,202124,2021-06-16,12941,174,254,0
Jaú,SP,202124,2021-06-16,7956,48,447,5
Tatuí,SP,202124,2021-06-16,5740,19,363,2
Avaré,SP,202124,2021-06-17,8972,0,203,0
Botucatu,SP,202124,2021-06-17,12941,0,254,0
Jaú,SP,202124,2021-06-17,7956,0,447,0
Tatuí,SP,202124,2021-06-17,5740,0,363,0
Avaré,SP,202124,2021-06-18,9144,172,207,4
Botucatu,SP,202124,2021-06-18,13121,180,259,5
Jaú,SP,202124,2021-06-18,8032,76,452,5
Tatuí,SP,202124,2021-06-18,5780,40,368,5
Avaré,SP,202124,2021-06-19,9268,124,210,3
Botucatu,SP,202124,2021-06-19,13195,74,260,1
Jaú,SP,202124,2021-06-19,8076,44,458,6
Tatuí,SP,202124,2021-06-19,5795,15,370,2
Avaré,SP,202125,2021-06-20,9354,86,210,0
Botucatu,SP,202125,2021-06-20,13207,12,260,0
Jaú,SP,202125,2021-06-20,8101,25,458,0
Tatuí,SP,202125,2021-06-20,5804,9,374,4
Avaré,SP,202125,2021-06-21,9366,12,210,0
Botucatu,SP,202125,2021-06-21,13216,9,260,0
Jaú,SP,202125,2021-06-21,8112,11,458,0
Tatuí,SP,202125,2021-06-21,5805,1,374,0
Avaré,SP,202125,2021-06-22,9504,138,214,4
Botucatu,SP,202125,2021-06-22,13330,114,262,2
Jaú,SP,202125,2021-06-22,8146,34,458,0
Tatuí,SP,202125,2021-06-22,5837,32,375,1
Avaré,SP,202125,2021-06-23,9672,168,216,2
Botucatu,SP,202125,2021-06-23,13407,77,264,2
Jaú,SP,202125,2021-06-23,8178,32,458,0
Tatuí,SP,202125,2021-06-23,5848,11,379,4
Avaré,SP,202125,2021-06-24,9749,77,216,0
Botucatu,SP,202125,2021-06-24,13433,26,265,1
Jaú,SP,202125,2021-06-24,8279,101,465,7
Tatuí,SP,202125,2021-06-24,5867,19,382,3
Avaré,SP,202125,2021-06-25,9809,60,216,0
Botucatu,SP,202125,2021-06-25,13782,349,265,0
Jaú,SP,202125,2021-06-25,8353,74,471,6
Tatuí,SP,202125,2021-06-25,5888,21,383,1
Avaré,SP,202125,2021-06-26,9855,46,219,3
Botucatu,SP,202125,2021-06-26,14302,520,268,3
Jaú,SP,202125,2021-06-26,8426,73,478,7
Tatuí,SP,202125,2021-06-26,5917,29,386,3
Avaré,SP,202126,2021-06-27,9915,60,219,0
Botucatu,SP,202126,2021-06-27,14310,8,268,0
Jaú,SP,202126,2021-06-27,8442,16,478,0
Tatuí,SP,202126,2021-06-27,5923,6,387,1
Avaré,SP,202126,2021-06-28,9915,0,219,0
Botucatu,SP,202126,2021-06-28,14310,0,268,0
Jaú,SP,202126,2021-06-28,8442,0,478,0
Tatuí,SP,202126,2021-06-28,5923,0,387,0
