nome_munic,datahora,latitude,longitude,casos,obitos,casos_pc,obitos_pc
Botucatu,2020-02-25,-22.8837,-48.4437,0,0,0.0,0.0
Botucatu,2020-02-26,-22.8837,-48.4437,0,0,0.0,0.0
Botucatu,2020-02-27,-22.8837,-48.4437,0,0,0.0,0.0
Botucatu,2020-02-28,-22.8837,-48.4437,0,0,0.0,0.0
Botucatu,2020-02-29,-22.8837,-48.4437,0,0,0.0,0.0
Botucatu,2020-03-01,-22.8837,-48.4437,0,0,0.0,0.0
Botucatu,2020-03-02,-22.8837,-48.4437,0,0,0.0,0.0
Botucatu,2020-03-03,-22.8837,-48.4437,0,0,0.0,0.0
Botucatu,2020-03-04,-22.8837,-48.4437,0,0,0.0,0.0
Botucatu,2020-03-05,-22.8837,-48.4437,0,0,0.0,0.0
Botucatu,2020-03-06,-22.8837,-48.4437,0,0,0.0,0.0
Botucatu,2020-03-07,-22.8837,-48.4437,0,0,0.0,0.0
Botucatu,2020-03-08,-22.8837,-48.4437,0,0,0.0,0.0
Botucatu,2020-03-09,-22.8837,-48.4437,0,0,0.0,0.0
Botucatu,2020-03-10,-22.8837,-48.4437,0,0,0.0,0.0
Botucatu,2020-03-11,-22.8837,-48.4437,0,0,0.0,0.0
Botucatu,2020-03-12,-22.8837,-48.4437,0,0,0.0,0.0
Botucatu,2020-03-13,-22.8837,-48.4437,0,0,0.0,0.0
Botucatu,2020-03-14,-22.8837,-48.4437,0,0,0.0,0.0
Botucatu,2020-03-15,-22.8837,-48.4437,0,0,0.0,0.0
Botucatu,2020-03-16,-22.8837,-48.4437,0,0,0.0,0.0
Botucatu,2020-03-17,-22.8837,-48.4437,0,0,0.0,0.0
Botucatu,2020-03-18,-22.8837,-48.4437,0,0,0.0,0.0
Botucatu,2020-03-19,-22.8837,-48.4437,0,0,0.0,0.0
Botucatu,2020-03-20,-22.8837,-48.4437,0,0,0.0,0.0
Botucatu,2020-03-21,-22.8837,-48.4437,0,0,0.0,0.0
Botucatu,2020-03-22,-22.8837,-48.4437,0,0,0.0,0.0
Botucatu,2020-03-23,-22.8837,-48.4437,0,0,0.0,0.0
Botucatu,2020-03-24,-22.8837,-48.4437,0,0,0.0,0.0
Botucatu,2020-03-25,-22.8837,-48.4437,0,0,0.0,0.0
Botucatu,2020-03-26,-22.8837,-48.4437,0,0,0.0,0.0
Botucatu,2020-03-27,-22.8837,-48.4437,0,0,0.0,0.0
Botucatu,2020-03-28,-22.8837,-48.4437,0,0,0.0,0.0
Botucatu,2020-03-29,-22.8837,-48.4437,0,0,0.0,0.0
Botucatu,2020-03-30,-22.8837,-48.4437,0,0,0.0,0.0
Botucatu,2020-03-31,-22.8837,-48.4437,0,0,0.0,0.0
Botucatu,2020-04-01,-22.8837,-48.4437,0,0,0.0,0.0
Botucatu,2020-04-02,-22.8837,-48.4437,0,0,0.0,0.0
Botucatu,2020-04-03,-22.8837,-48.4437,0,0,0.0,0.0
Botucatu,2020-04-04,-22.8837,-48.4437,7,0,4.959790271725651,0.0
Botucatu,2020-04-05,-22.8837,-48.4437,7,0,4.959790271725651,0.0
Botucatu,2020-04-06,-22.8837,-48.4437,7,0,4.959790271725651,0.0
Botucatu,2020-04-07,-22.8837,-48.4437,8,0,5.668331739115031,0.0
Botucatu,2020-04-08,-22.8837,-48.4437,9,1,6.376873206504411,0.708541467389379
Botucatu,2020-04-09,-22.8837,-48.4437,15,1,10.6281220108407,0.708541467389379
Botucatu,2020-04-10,-22.8837,-48.4437,15,1,10.6281220108407,0.708541467389379
Botucatu,2020-04-11,-22.8837,-48.4437,15,1,10.6281220108407,0.708541467389379
Botucatu,2020-04-12,-22.8837,-48.4437,15,1,10.6281220108407,0.708541467389379
Botucatu,2020-04-13,-22.8837,-48.4437,16,1,11.3366634782301,0.708541467389379
Botucatu,2020-04-14,-22.8837,-48.4437,23,2,16.2964537499557,1.4170829347787601
Botucatu,2020-04-15,-22.8837,-48.4437,23,2,16.2964537499557,1.4170829347787601
Botucatu,2020-04-16,-22.8837,-48.4437,24,2,17.0049952173451,1.4170829347787601
Botucatu,2020-04-17,-22.8837,-48.4437,27,2,19.1306196195132,1.4170829347787601
Botucatu,2020-04-18,-22.8837,-48.4437,27,2,19.1306196195132,1.4170829347787601
Botucatu,2020-04-19,-22.8837,-48.4437,27,2,19.1306196195132,1.4170829347787601
Botucatu,2020-04-20,-22.8837,-48.4437,27,2,19.1306196195132,1.4170829347787601
Botucatu,2020-04-21,-22.8837,-48.4437,28,2,19.839161086902603,1.4170829347787601
Botucatu,2020-04-22,-22.8837,-48.4437,28,2,19.839161086902603,1.4170829347787601
Botucatu,2020-04-23,-22.8837,-48.4437,28,2,19.839161086902603,1.4170829347787601
Botucatu,2020-04-24,-22.8837,-48.4437,35,2,24.7989513586283,1.4170829347787601
Botucatu,2020-04-25,-22.8837,-48.4437,38,2,26.924575760796397,1.4170829347787601
Botucatu,2020-04-26,-22.8837,-48.4437,38,2,26.924575760796397,1.4170829347787601
Botucatu,2020-04-27,-22.8837,-48.4437,40,2,28.341658695575198,1.4170829347787601
Botucatu,2020-04-28,-22.8837,-48.4437,52,2,36.844156304247704,1.4170829347787601
Botucatu,2020-04-29,-22.8837,-48.4437,56,4,39.678322173805206,2.8341658695575203
Botucatu,2020-04-30,-22.8837,-48.4437,67,4,47.472278315088396,2.8341658695575203
Botucatu,2020-05-01,-22.8837,-48.4437,73,4,51.72352711942471,2.8341658695575203
Botucatu,2020-05-02,-22.8837,-48.4437,74,4,52.432068586814005,2.8341658695575203
Botucatu,2020-05-03,-22.8837,-48.4437,74,4,52.432068586814005,2.8341658695575203
Botucatu,2020-05-04,-22.8837,-48.4437,74,4,52.432068586814005,2.8341658695575203
Botucatu,2020-05-05,-22.8837,-48.4437,74,4,52.432068586814005,2.8341658695575203
Botucatu,2020-05-06,-22.8837,-48.4437,84,4,59.5174832607078,2.8341658695575203
Botucatu,2020-05-07,-22.8837,-48.4437,88,5,62.351649130265294,3.5427073369468904
Botucatu,2020-05-08,-22.8837,-48.4437,90,5,63.7687320650441,3.5427073369468904
Botucatu,2020-05-09,-22.8837,-48.4437,95,5,67.311439401991,3.5427073369468904
Botucatu,2020-05-10,-22.8837,-48.4437,101,5,71.5626882063273,3.5427073369468904
Botucatu,2020-05-11,-22.8837,-48.4437,101,5,71.5626882063273,3.5427073369468904
Botucatu,2020-05-12,-22.8837,-48.4437,106,5,75.1053955432742,3.5427073369468904
Botucatu,2020-05-13,-22.8837,-48.4437,121,5,85.73351755411491,3.5427073369468904
Botucatu,2020-05-14,-22.8837,-48.4437,124,5,87.859141956283,3.5427073369468904
Botucatu,2020-05-15,-22.8837,-48.4437,130,5,92.1103907606193,3.5427073369468904
Botucatu,2020-05-16,-22.8837,-48.4437,143,6,101.321429836681,4.25124880433627
Botucatu,2020-05-17,-22.8837,-48.4437,151,6,106.989761575796,4.25124880433627
Botucatu,2020-05-18,-22.8837,-48.4437,159,6,112.658093314911,4.25124880433627
Botucatu,2020-05-19,-22.8837,-48.4437,160,7,113.366634782301,4.959790271725651
Botucatu,2020-05-20,-22.8837,-48.4437,183,7,129.66308853225598,4.959790271725651
Botucatu,2020-05-21,-22.8837,-48.4437,193,7,136.74850320615,4.959790271725651
Botucatu,2020-05-22,-22.8837,-48.4437,196,7,138.874127608318,4.959790271725651
Botucatu,2020-05-23,-22.8837,-48.4437,204,7,144.54245934743298,4.959790271725651
Botucatu,2020-05-24,-22.8837,-48.4437,217,7,153.75349842349502,4.959790271725651
Botucatu,2020-05-25,-22.8837,-48.4437,218,7,154.462039890885,4.959790271725651
Botucatu,2020-05-26,-22.8837,-48.4437,218,7,154.462039890885,4.959790271725651
Botucatu,2020-05-27,-22.8837,-48.4437,238,7,168.63286923867201,4.959790271725651
Botucatu,2020-05-28,-22.8837,-48.4437,257,7,182.09515711907002,4.959790271725651
Botucatu,2020-05-29,-22.8837,-48.4437,261,7,184.929322988628,4.959790271725651
Botucatu,2020-05-30,-22.8837,-48.4437,276,7,195.557444999469,4.959790271725651
Botucatu,2020-05-31,-22.8837,-48.4437,284,7,201.225776738584,4.959790271725651
Botucatu,2020-06-01,-22.8837,-48.4437,284,7,201.225776738584,4.959790271725651
Botucatu,2020-06-02,-22.8837,-48.4437,302,7,213.979523151592,4.959790271725651
Botucatu,2020-06-03,-22.8837,-48.4437,304,7,215.396606086371,4.959790271725651
Botucatu,2020-06-04,-22.8837,-48.4437,325,7,230.275976901548,4.959790271725651
Botucatu,2020-06-05,-22.8837,-48.4437,334,8,236.65285010805303,5.668331739115031
Botucatu,2020-06-06,-22.8837,-48.4437,343,9,243.029723314557,6.376873206504411
Botucatu,2020-06-07,-22.8837,-48.4437,378,9,267.828674673185,6.376873206504411
Botucatu,2020-06-08,-22.8837,-48.4437,380,9,269.245757607964,6.376873206504411
Botucatu,2020-06-09,-22.8837,-48.4437,383,9,271.371382010132,6.376873206504411
Botucatu,2020-06-10,-22.8837,-48.4437,393,9,278.456796684026,6.376873206504411
Botucatu,2020-06-11,-22.8837,-48.4437,411,9,291.210543097035,6.376873206504411
Botucatu,2020-06-12,-22.8837,-48.4437,425,9,301.130123640486,6.376873206504411
Botucatu,2020-06-13,-22.8837,-48.4437,426,10,301.838665107875,7.085414673893791
Botucatu,2020-06-14,-22.8837,-48.4437,427,10,302.547206575265,7.085414673893791
Botucatu,2020-06-15,-22.8837,-48.4437,428,10,303.255748042654,7.085414673893791
Botucatu,2020-06-16,-22.8837,-48.4437,444,10,314.592411520884,7.085414673893791
Botucatu,2020-06-17,-22.8837,-48.4437,444,10,314.592411520884,7.085414673893791
Botucatu,2020-06-18,-22.8837,-48.4437,444,10,314.592411520884,7.085414673893791
Botucatu,2020-06-19,-22.8837,-48.4437,484,12,342.934070216459,8.50249760867255
Botucatu,2020-06-20,-22.8837,-48.4437,492,13,348.602401955574,9.21103907606193
Botucatu,2020-06-21,-22.8837,-48.4437,515,13,364.89885570553,9.21103907606193
Botucatu,2020-06-22,-22.8837,-48.4437,516,13,365.60739717292,9.21103907606193
Botucatu,2020-06-23,-22.8837,-48.4437,524,13,371.275728912035,9.21103907606193
Botucatu,2020-06-24,-22.8837,-48.4437,538,14,381.195309455486,9.91958054345131
Botucatu,2020-06-25,-22.8837,-48.4437,552,14,391.114889998937,9.91958054345131
Botucatu,2020-06-26,-22.8837,-48.4437,583,15,413.079675488008,10.6281220108407
Botucatu,2020-06-27,-22.8837,-48.4437,588,15,416.62238282495497,10.6281220108407
Botucatu,2020-06-28,-22.8837,-48.4437,603,15,427.25050483579497,10.6281220108407
Botucatu,2020-06-29,-22.8837,-48.4437,625,15,442.838417118362,10.6281220108407
Botucatu,2020-06-30,-22.8837,-48.4437,631,15,447.089665922698,10.6281220108407
Botucatu,2020-07-01,-22.8837,-48.4437,655,15,464.094661140043,10.6281220108407
Botucatu,2020-07-02,-22.8837,-48.4437,679,15,481.099656357388,10.6281220108407
Botucatu,2020-07-03,-22.8837,-48.4437,709,15,502.35590037906996,10.6281220108407
Botucatu,2020-07-04,-22.8837,-48.4437,712,15,504.481524781238,10.6281220108407
Botucatu,2020-07-05,-22.8837,-48.4437,731,15,517.943812661636,10.6281220108407
Botucatu,2020-07-06,-22.8837,-48.4437,758,15,537.074432281149,10.6281220108407
Botucatu,2020-07-07,-22.8837,-48.4437,771,16,546.285471357211,11.3366634782301
Botucatu,2020-07-08,-22.8837,-48.4437,772,16,546.994012824601,11.3366634782301
Botucatu,2020-07-09,-22.8837,-48.4437,791,17,560.456300704999,12.0452049456194
Botucatu,2020-07-10,-22.8837,-48.4437,818,18,579.586920324512,12.753746413008802
Botucatu,2020-07-11,-22.8837,-48.4437,840,18,595.174832607078,12.753746413008802
Botucatu,2020-07-12,-22.8837,-48.4437,841,18,595.883374074468,12.753746413008802
Botucatu,2020-07-13,-22.8837,-48.4437,841,18,595.883374074468,12.753746413008802
Botucatu,2020-07-14,-22.8837,-48.4437,885,18,627.0591986396,12.753746413008802
Botucatu,2020-07-15,-22.8837,-48.4437,891,19,631.310447443937,13.462287880398199
Botucatu,2020-07-16,-22.8837,-48.4437,900,19,637.6873206504409,13.462287880398199
Botucatu,2020-07-17,-22.8837,-48.4437,918,19,650.44106706345,13.462287880398199
Botucatu,2020-07-18,-22.8837,-48.4437,922,19,653.2752329330069,13.462287880398199
Botucatu,2020-07-19,-22.8837,-48.4437,923,19,653.983774400397,13.462287880398199
Botucatu,2020-07-20,-22.8837,-48.4437,930,19,658.943564672122,13.462287880398199
Botucatu,2020-07-21,-22.8837,-48.4437,935,19,662.486272009069,13.462287880398199
Botucatu,2020-07-22,-22.8837,-48.4437,1010,19,715.626882063273,13.462287880398199
Botucatu,2020-07-23,-22.8837,-48.4437,1051,19,744.6770822262371,13.462287880398199
Botucatu,2020-07-24,-22.8837,-48.4437,1071,23,758.8479115740249,16.2964537499557
Botucatu,2020-07-25,-22.8837,-48.4437,1118,23,792.149360541326,16.2964537499557
Botucatu,2020-07-26,-22.8837,-48.4437,1120,24,793.5664434761039,17.0049952173451
Botucatu,2020-07-27,-22.8837,-48.4437,1120,24,793.5664434761039,17.0049952173451
Botucatu,2020-07-28,-22.8837,-48.4437,1152,24,816.239770432565,17.0049952173451
Botucatu,2020-07-29,-22.8837,-48.4437,1170,25,828.9935168455729,17.7135366847345
Botucatu,2020-07-30,-22.8837,-48.4437,1214,25,860.169341410706,17.7135366847345
Botucatu,2020-07-31,-22.8837,-48.4437,1215,25,860.877882878095,17.7135366847345
Botucatu,2020-08-01,-22.8837,-48.4437,1253,26,887.8024586388921,18.4220781521239
Botucatu,2020-08-02,-22.8837,-48.4437,1253,26,887.8024586388921,18.4220781521239
Botucatu,2020-08-03,-22.8837,-48.4437,1253,26,887.8024586388921,18.4220781521239
Botucatu,2020-08-04,-22.8837,-48.4437,1272,26,901.26474651929,18.4220781521239
Botucatu,2020-08-05,-22.8837,-48.4437,1291,26,914.7270343996879,18.4220781521239
Botucatu,2020-08-06,-22.8837,-48.4437,1332,27,943.777234562653,19.1306196195132
Botucatu,2020-08-07,-22.8837,-48.4437,1345,27,952.9882736387151,19.1306196195132
Botucatu,2020-08-08,-22.8837,-48.4437,1384,27,980.6213908669,19.1306196195132
Botucatu,2020-08-09,-22.8837,-48.4437,1404,28,994.792220214688,19.839161086902603
Botucatu,2020-08-10,-22.8837,-48.4437,1404,28,994.792220214688,19.839161086902603
Botucatu,2020-08-11,-22.8837,-48.4437,1433,28,1015.3399227689802,19.839161086902603
Botucatu,2020-08-12,-22.8837,-48.4437,1451,28,1028.09366918199,19.839161086902603
Botucatu,2020-08-13,-22.8837,-48.4437,1465,28,1038.0132497254401,19.839161086902603
Botucatu,2020-08-14,-22.8837,-48.4437,1497,28,1060.6865766819,19.839161086902603
Botucatu,2020-08-15,-22.8837,-48.4437,1526,28,1081.23427923619,19.839161086902603
Botucatu,2020-08-16,-22.8837,-48.4437,1545,28,1094.69656711659,19.839161086902603
Botucatu,2020-08-17,-22.8837,-48.4437,1561,28,1106.03323059482,19.839161086902603
Botucatu,2020-08-18,-22.8837,-48.4437,1569,29,1111.70156233394,20.547702554291998
Botucatu,2020-08-19,-22.8837,-48.4437,1583,29,1121.62114287739,20.547702554291998
Botucatu,2020-08-20,-22.8837,-48.4437,1617,29,1145.71155276863,20.547702554291998
Botucatu,2020-08-21,-22.8837,-48.4437,1638,29,1160.5909235838,20.547702554291998
Botucatu,2020-08-22,-22.8837,-48.4437,1653,29,1171.21904559464,20.547702554291998
Botucatu,2020-08-23,-22.8837,-48.4437,1683,29,1192.47528961632,20.547702554291998
Botucatu,2020-08-24,-22.8837,-48.4437,1703,29,1206.64611896411,20.547702554291998
Botucatu,2020-08-25,-22.8837,-48.4437,1713,30,1213.73153363801,21.2562440216814
Botucatu,2020-08-26,-22.8837,-48.4437,1770,30,1254.1183972792,21.2562440216814
Botucatu,2020-08-27,-22.8837,-48.4437,1777,31,1259.0781875509301,21.964785489070703
Botucatu,2020-08-28,-22.8837,-48.4437,1815,31,1286.00276331172,21.964785489070703
Botucatu,2020-08-29,-22.8837,-48.4437,1818,31,1288.12838771389,21.964785489070703
Botucatu,2020-08-30,-22.8837,-48.4437,1822,31,1290.96255358345,21.964785489070703
Botucatu,2020-08-31,-22.8837,-48.4437,1825,31,1293.08817798562,21.964785489070703
Botucatu,2020-09-01,-22.8837,-48.4437,1864,32,1320.7212952138,22.673326956460098
Botucatu,2020-09-02,-22.8837,-48.4437,1903,32,1348.35441244199,22.673326956460098
Botucatu,2020-09-03,-22.8837,-48.4437,1917,32,1358.2739929854401,22.673326956460098
Botucatu,2020-09-04,-22.8837,-48.4437,1954,32,1384.49002727885,22.673326956460098
Botucatu,2020-09-05,-22.8837,-48.4437,1973,33,1397.95231515924,23.3818684238495
Botucatu,2020-09-06,-22.8837,-48.4437,1986,33,1407.16335423531,23.3818684238495
Botucatu,2020-09-07,-22.8837,-48.4437,2004,33,1419.91710064832,23.3818684238495
Botucatu,2020-09-08,-22.8837,-48.4437,2004,33,1419.91710064832,23.3818684238495
Botucatu,2020-09-09,-22.8837,-48.4437,2016,36,1428.41959825699,25.507492826017604
Botucatu,2020-09-10,-22.8837,-48.4437,2040,36,1445.42459347433,25.507492826017604
Botucatu,2020-09-11,-22.8837,-48.4437,2059,37,1458.8868813547301,26.216034293407002
Botucatu,2020-09-12,-22.8837,-48.4437,2090,38,1480.8516668438,26.924575760796397
Botucatu,2020-09-13,-22.8837,-48.4437,2093,38,1482.9772912459698,26.924575760796397
Botucatu,2020-09-14,-22.8837,-48.4437,2096,38,1485.10291564814,26.924575760796397
Botucatu,2020-09-15,-22.8837,-48.4437,2115,39,1498.56520352854,27.633117228185803
Botucatu,2020-09-16,-22.8837,-48.4437,2138,39,1514.86165727849,27.633117228185803
Botucatu,2020-09-17,-22.8837,-48.4437,2164,40,1533.2837354306198,28.341658695575198
Botucatu,2020-09-18,-22.8837,-48.4437,2201,40,1559.4997697240199,28.341658695575198
Botucatu,2020-09-19,-22.8837,-48.4437,2235,40,1583.59017961526,28.341658695575198
Botucatu,2020-09-20,-22.8837,-48.4437,2235,40,1583.59017961526,28.341658695575198
Botucatu,2020-09-21,-22.8837,-48.4437,2253,41,1596.34392602827,29.0502001629645
Botucatu,2020-09-22,-22.8837,-48.4437,2255,41,1597.76100896305,29.0502001629645
Botucatu,2020-09-23,-22.8837,-48.4437,2274,41,1611.22329684345,29.0502001629645
Botucatu,2020-09-24,-22.8837,-48.4437,2281,41,1616.1830871151699,29.0502001629645
Botucatu,2020-09-25,-22.8837,-48.4437,2302,42,1631.06245793035,29.7587416303539
Botucatu,2020-09-26,-22.8837,-48.4437,2314,42,1639.5649555390198,29.7587416303539
Botucatu,2020-09-27,-22.8837,-48.4437,2314,42,1639.5649555390198,29.7587416303539
Botucatu,2020-09-28,-22.8837,-48.4437,2314,42,1639.5649555390198,29.7587416303539
Botucatu,2020-09-29,-22.8837,-48.4437,2328,42,1649.4845360824697,29.7587416303539
Botucatu,2020-09-30,-22.8837,-48.4437,2346,42,1662.23828249548,29.7587416303539
Botucatu,2020-10-01,-22.8837,-48.4437,2359,44,1671.44932157154,31.1758245651327
Botucatu,2020-10-02,-22.8837,-48.4437,2379,44,1685.6201509193302,31.1758245651327
Botucatu,2020-10-03,-22.8837,-48.4437,2393,44,1695.53973146278,31.1758245651327
Botucatu,2020-10-04,-22.8837,-48.4437,2393,44,1695.53973146278,31.1758245651327
Botucatu,2020-10-05,-22.8837,-48.4437,2393,44,1695.53973146278,31.1758245651327
Botucatu,2020-10-06,-22.8837,-48.4437,2412,45,1709.0020193431799,31.884366032522102
Botucatu,2020-10-07,-22.8837,-48.4437,2421,47,1715.37889254969,33.3014489673008
Botucatu,2020-10-08,-22.8837,-48.4437,2433,47,1723.88139015836,33.3014489673008
Botucatu,2020-10-09,-22.8837,-48.4437,2443,47,1730.96680483225,33.3014489673008
Botucatu,2020-10-10,-22.8837,-48.4437,2459,47,1742.30346831048,33.3014489673008
Botucatu,2020-10-11,-22.8837,-48.4437,2459,47,1742.30346831048,33.3014489673008
Botucatu,2020-10-12,-22.8837,-48.4437,2461,47,1743.72055124526,33.3014489673008
Botucatu,2020-10-13,-22.8837,-48.4437,2463,47,1745.1376341800399,33.3014489673008
Botucatu,2020-10-14,-22.8837,-48.4437,2485,47,1760.7255464626103,33.3014489673008
Botucatu,2020-10-15,-22.8837,-48.4437,2494,47,1767.10241966911,33.3014489673008
Botucatu,2020-10-16,-22.8837,-48.4437,2498,47,1769.93658553867,33.3014489673008
Botucatu,2020-10-17,-22.8837,-48.4437,2513,47,1780.56470754951,33.3014489673008
Botucatu,2020-10-18,-22.8837,-48.4437,2517,47,1783.3988734190698,33.3014489673008
Botucatu,2020-10-19,-22.8837,-48.4437,2517,47,1783.3988734190698,33.3014489673008
Botucatu,2020-10-20,-22.8837,-48.4437,2563,47,1815.99178091898,33.3014489673008
Botucatu,2020-10-21,-22.8837,-48.4437,2570,47,1820.9515711907002,33.3014489673008
Botucatu,2020-10-22,-22.8837,-48.4437,2574,47,1823.78573706026,33.3014489673008
Botucatu,2020-10-23,-22.8837,-48.4437,2587,47,1832.9967761363198,33.3014489673008
Botucatu,2020-10-24,-22.8837,-48.4437,2604,48,1845.0419810819396,34.0099904346902
Botucatu,2020-10-25,-22.8837,-48.4437,2623,48,1858.50426896234,34.0099904346902
Botucatu,2020-10-26,-22.8837,-48.4437,2626,48,1860.6298933645103,34.0099904346902
Botucatu,2020-10-27,-22.8837,-48.4437,2635,49,1867.00676657101,34.718531902079604
Botucatu,2020-10-28,-22.8837,-48.4437,2642,50,1871.96655684274,35.4270733694689
Botucatu,2020-10-29,-22.8837,-48.4437,2645,50,1874.0921812449103,35.4270733694689
Botucatu,2020-10-30,-22.8837,-48.4437,2650,50,1877.63488858185,35.4270733694689
Botucatu,2020-10-31,-22.8837,-48.4437,2658,50,1883.3032203209698,35.4270733694689
Botucatu,2020-11-01,-22.8837,-48.4437,2658,50,1883.3032203209698,35.4270733694689
Botucatu,2020-11-02,-22.8837,-48.4437,2658,50,1883.3032203209698,35.4270733694689
Botucatu,2020-11-03,-22.8837,-48.4437,2659,52,1884.0117617883602,36.844156304247704
Botucatu,2020-11-04,-22.8837,-48.4437,2664,52,1887.55446912531,36.844156304247704
Botucatu,2020-11-05,-22.8837,-48.4437,2671,52,1892.51425939703,36.844156304247704
Botucatu,2020-11-06,-22.8837,-48.4437,2671,52,1892.51425939703,36.844156304247704
Botucatu,2020-11-07,-22.8837,-48.4437,2671,52,1892.51425939703,36.844156304247704
Botucatu,2020-11-08,-22.8837,-48.4437,2671,52,1892.51425939703,36.844156304247704
Botucatu,2020-11-09,-22.8837,-48.4437,2671,52,1892.51425939703,36.844156304247704
Botucatu,2020-11-10,-22.8837,-48.4437,2716,52,1924.3986254295498,36.844156304247704
Botucatu,2020-11-11,-22.8837,-48.4437,2730,52,1934.318205973,36.844156304247704
Botucatu,2020-11-12,-22.8837,-48.4437,2735,52,1937.8609133099499,36.844156304247704
Botucatu,2020-11-13,-22.8837,-48.4437,2749,52,1947.7804938534,36.844156304247704
Botucatu,2020-11-14,-22.8837,-48.4437,2750,52,1948.4890353207898,36.844156304247704
Botucatu,2020-11-15,-22.8837,-48.4437,2750,52,1948.4890353207898,36.844156304247704
Botucatu,2020-11-16,-22.8837,-48.4437,2751,52,1949.19757678818,36.844156304247704
Botucatu,2020-11-17,-22.8837,-48.4437,2793,52,1978.9563184185397,36.844156304247704
Botucatu,2020-11-18,-22.8837,-48.4437,2833,52,2007.2979771141102,36.844156304247704
Botucatu,2020-11-19,-22.8837,-48.4437,2849,52,2018.6346405923398,36.844156304247704
Botucatu,2020-11-20,-22.8837,-48.4437,2888,52,2046.26775782053,36.844156304247704
Botucatu,2020-11-21,-22.8837,-48.4437,2917,52,2066.81546037482,36.844156304247704
Botucatu,2020-11-22,-22.8837,-48.4437,2943,52,2085.2375385269397,36.844156304247704
Botucatu,2020-11-23,-22.8837,-48.4437,2944,52,2085.94607999433,36.844156304247704
Botucatu,2020-11-24,-22.8837,-48.4437,2984,52,2114.2877386899104,36.844156304247704
Botucatu,2020-11-25,-22.8837,-48.4437,3009,52,2132.00127537464,36.844156304247704
Botucatu,2020-11-26,-22.8837,-48.4437,3024,52,2142.62939738548,36.844156304247704
Botucatu,2020-11-27,-22.8837,-48.4437,3026,52,2144.04648032026,36.844156304247704
Botucatu,2020-11-28,-22.8837,-48.4437,3030,52,2146.88064618982,36.844156304247704
Botucatu,2020-11-29,-22.8837,-48.4437,3030,52,2146.88064618982,36.844156304247704
Botucatu,2020-11-30,-22.8837,-48.4437,3030,52,2146.88064618982,36.844156304247704
Botucatu,2020-12-01,-22.8837,-48.4437,3093,53,2191.51875863535,37.5526977716371
Botucatu,2020-12-02,-22.8837,-48.4437,3123,53,2212.77500265703,37.5526977716371
Botucatu,2020-12-03,-22.8837,-48.4437,3180,54,2253.16186629823,38.2612392390265
Botucatu,2020-12-04,-22.8837,-48.4437,3215,54,2277.96081765685,38.2612392390265
Botucatu,2020-12-05,-22.8837,-48.4437,3276,54,2321.18184716761,38.2612392390265
Botucatu,2020-12-06,-22.8837,-48.4437,3280,55,2324.01601303716,38.9697807064158
Botucatu,2020-12-07,-22.8837,-48.4437,3294,55,2333.93559358061,38.9697807064158
Botucatu,2020-12-08,-22.8837,-48.4437,3309,55,2344.56371559146,38.9697807064158
Botucatu,2020-12-09,-22.8837,-48.4437,3354,55,2376.44808162398,38.9697807064158
Botucatu,2020-12-10,-22.8837,-48.4437,3442,55,2438.7997307542396,38.9697807064158
Botucatu,2020-12-11,-22.8837,-48.4437,3456,55,2448.7193112976897,38.9697807064158
Botucatu,2020-12-12,-22.8837,-48.4437,3488,56,2471.39263825415,39.678322173805206
Botucatu,2020-12-13,-22.8837,-48.4437,3488,56,2471.39263825415,39.678322173805206
Botucatu,2020-12-14,-22.8837,-48.4437,3489,56,2472.10117972154,39.678322173805206
Botucatu,2020-12-15,-22.8837,-48.4437,3495,56,2476.35242852588,39.678322173805206
Botucatu,2020-12-16,-22.8837,-48.4437,3495,56,2476.35242852588,39.678322173805206
Botucatu,2020-12-17,-22.8837,-48.4437,3602,56,2552.16636553654,39.678322173805206
Botucatu,2020-12-18,-22.8837,-48.4437,3627,56,2569.87990222128,39.678322173805206
Botucatu,2020-12-19,-22.8837,-48.4437,3705,56,2625.1461366776502,39.678322173805206
Botucatu,2020-12-20,-22.8837,-48.4437,3705,56,2625.1461366776502,39.678322173805206
Botucatu,2020-12-21,-22.8837,-48.4437,3705,56,2625.1461366776502,39.678322173805206
Botucatu,2020-12-22,-22.8837,-48.4437,3767,56,2669.0757076557898,39.678322173805206
Botucatu,2020-12-23,-22.8837,-48.4437,3796,57,2689.62341021008,40.3868636411946
Botucatu,2020-12-24,-22.8837,-48.4437,3846,57,2725.05048357955,40.3868636411946
Botucatu,2020-12-25,-22.8837,-48.4437,3866,57,2739.2213129273396,40.3868636411946
Botucatu,2020-12-26,-22.8837,-48.4437,3869,57,2741.34693732951,40.3868636411946
Botucatu,2020-12-27,-22.8837,-48.4437,3870,57,2742.0554787969,40.3868636411946
Botucatu,2020-12-28,-22.8837,-48.4437,3871,57,2742.7640202642897,40.3868636411946
Botucatu,2020-12-29,-22.8837,-48.4437,3935,58,2788.11067417721,41.095405108583996
Botucatu,2020-12-30,-22.8837,-48.4437,4006,58,2838.41711836185,41.095405108583996
Botucatu,2020-12-31,-22.8837,-48.4437,4051,58,2870.30148439437,41.095405108583996
Botucatu,2021-01-01,-22.8837,-48.4437,4059,58,2875.96981613349,41.095405108583996
Botucatu,2021-01-02,-22.8837,-48.4437,4061,58,2877.3868990682695,41.095405108583996
Botucatu,2021-01-03,-22.8837,-48.4437,4061,58,2877.3868990682695,41.095405108583996
Botucatu,2021-01-04,-22.8837,-48.4437,4062,58,2878.0954405356606,41.095405108583996
Botucatu,2021-01-05,-22.8837,-48.4437,4166,58,2951.7837531441496,41.095405108583996
Botucatu,2021-01-06,-22.8837,-48.4437,4252,59,3012.71831933964,41.8039465759734
Botucatu,2021-01-07,-22.8837,-48.4437,4378,60,3101.9945442307003,42.5124880433627
Botucatu,2021-01-08,-22.8837,-48.4437,4440,61,3145.92411520884,43.2210295107521
Botucatu,2021-01-09,-22.8837,-48.4437,4500,61,3188.4366032522103,43.2210295107521
Botucatu,2021-01-10,-22.8837,-48.4437,4502,61,3189.8536861869798,43.2210295107521
Botucatu,2021-01-11,-22.8837,-48.4437,4552,63,3225.28075955645,44.6381124455309
Botucatu,2021-01-12,-22.8837,-48.4437,4574,64,3240.86867183902,45.346653912920296
Botucatu,2021-01-13,-22.8837,-48.4437,4698,66,3328.7278137953003,46.763736847699
Botucatu,2021-01-14,-22.8837,-48.4437,4840,67,3429.34070216459,47.472278315088396
Botucatu,2021-01-15,-22.8837,-48.4437,4965,67,3517.9083855882695,47.472278315088396
Botucatu,2021-01-16,-22.8837,-48.4437,5024,68,3559.7123321642403,48.1808197824778
Botucatu,2021-01-17,-22.8837,-48.4437,5112,68,3622.06398129451,48.1808197824778
Botucatu,2021-01-18,-22.8837,-48.4437,5114,68,3623.4810642292796,48.1808197824778
Botucatu,2021-01-19,-22.8837,-48.4437,5117,68,3625.60668863145,48.1808197824778
Botucatu,2021-01-20,-22.8837,-48.4437,5201,68,3685.12417189216,48.1808197824778
Botucatu,2021-01-21,-22.8837,-48.4437,5249,69,3719.13416232685,48.8893612498672
Botucatu,2021-01-22,-22.8837,-48.4437,5291,70,3748.8929039572,49.597902717256495
Botucatu,2021-01-23,-22.8837,-48.4437,5323,70,3771.56623091366,49.597902717256495
Botucatu,2021-01-24,-22.8837,-48.4437,5416,70,3837.4605873808796,49.597902717256495
Botucatu,2021-01-25,-22.8837,-48.4437,5416,70,3837.4605873808796,49.597902717256495
Botucatu,2021-01-26,-22.8837,-48.4437,5554,71,3935.2393098806106,50.3064441846459
Botucatu,2021-01-27,-22.8837,-48.4437,5653,72,4005.38491515216,51.01498565203529
Botucatu,2021-01-28,-22.8837,-48.4437,5717,73,4050.73156906508,51.72352711942471
Botucatu,2021-01-29,-22.8837,-48.4437,5732,75,4061.3596910759206,53.14061005420339
Botucatu,2021-01-30,-22.8837,-48.4437,5892,75,4174.726325858221,53.14061005420339
Botucatu,2021-01-31,-22.8837,-48.4437,6045,75,4283.1331703688,53.14061005420339
Botucatu,2021-02-01,-22.8837,-48.4437,6046,75,4283.8417118361795,53.14061005420339
Botucatu,2021-02-02,-22.8837,-48.4437,6230,79,4414.21334183583,55.9747759237609
Botucatu,2021-02-03,-22.8837,-48.4437,6360,79,4506.32373259645,55.9747759237609
Botucatu,2021-02-04,-22.8837,-48.4437,6502,81,4606.93662096574,57.391858858539706
Botucatu,2021-02-05,-22.8837,-48.4437,6546,82,4638.11244553087,58.1004003259291
Botucatu,2021-02-06,-22.8837,-48.4437,6624,84,4693.37867998725,59.5174832607078
Botucatu,2021-02-07,-22.8837,-48.4437,6646,84,4708.9665922698105,59.5174832607078
Botucatu,2021-02-08,-22.8837,-48.4437,6646,84,4708.9665922698105,59.5174832607078
Botucatu,2021-02-09,-22.8837,-48.4437,6712,88,4755.73032911751,62.351649130265294
Botucatu,2021-02-10,-22.8837,-48.4437,6752,88,4784.071987813089,62.351649130265294
Botucatu,2021-02-11,-22.8837,-48.4437,6797,88,4815.9563538456105,62.351649130265294
Botucatu,2021-02-12,-22.8837,-48.4437,6935,91,4913.73507634534,64.4772735324335
Botucatu,2021-02-13,-22.8837,-48.4437,6948,91,4922.94611542141,64.4772735324335
Botucatu,2021-02-14,-22.8837,-48.4437,6948,91,4922.94611542141,64.4772735324335
Botucatu,2021-02-15,-22.8837,-48.4437,6951,91,4925.07173982357,64.4772735324335
Botucatu,2021-02-16,-22.8837,-48.4437,7091,93,5024.26754525809,65.8943564672122
Botucatu,2021-02-17,-22.8837,-48.4437,7101,93,5031.35295993198,65.8943564672122
Botucatu,2021-02-18,-22.8837,-48.4437,7179,95,5086.6191943883505,67.311439401991
Botucatu,2021-02-19,-22.8837,-48.4437,7297,96,5170.2270875403,68.0199808693804
Botucatu,2021-02-20,-22.8837,-48.4437,7364,96,5217.69936585539,68.0199808693804
Botucatu,2021-02-21,-22.8837,-48.4437,7367,96,5219.824990257561,68.0199808693804
Botucatu,2021-02-22,-22.8837,-48.4437,7376,96,5226.20186346406,68.0199808693804
Botucatu,2021-02-23,-22.8837,-48.4437,7530,99,5335.3172494420205,70.1456052715485
Botucatu,2021-02-24,-22.8837,-48.4437,7564,100,5359.40765933326,70.8541467389379
Botucatu,2021-02-25,-22.8837,-48.4437,7677,100,5439.47284514826,70.8541467389379
Botucatu,2021-02-26,-22.8837,-48.4437,7742,100,5485.52804052857,70.8541467389379
Botucatu,2021-02-27,-22.8837,-48.4437,7798,104,5525.206362702379,73.68831260849541
Botucatu,2021-02-28,-22.8837,-48.4437,7848,104,5560.63343607185,73.68831260849541
Botucatu,2021-03-01,-22.8837,-48.4437,7854,104,5564.88468487618,73.68831260849541
Botucatu,2021-03-02,-22.8837,-48.4437,7914,106,5607.397172919549,75.1053955432742
Botucatu,2021-03-03,-22.8837,-48.4437,7920,106,5611.648421723879,75.1053955432742
Botucatu,2021-03-04,-22.8837,-48.4437,8001,106,5669.040280582421,75.1053955432742
Botucatu,2021-03-05,-22.8837,-48.4437,8083,108,5727.140680908349,76.5224784780529
Botucatu,2021-03-06,-22.8837,-48.4437,8185,108,5799.41191058207,76.5224784780529
Botucatu,2021-03-07,-22.8837,-48.4437,8260,108,5852.552520636271,76.5224784780529
Botucatu,2021-03-08,-22.8837,-48.4437,8271,108,5860.34647677755,76.5224784780529
Botucatu,2021-03-09,-22.8837,-48.4437,8317,108,5892.93938427746,76.5224784780529
Botucatu,2021-03-10,-22.8837,-48.4437,8385,111,5941.12020405994,78.64810288022109
Botucatu,2021-03-11,-22.8837,-48.4437,8485,113,6011.97435079888,80.0651858149998
Botucatu,2021-03-12,-22.8837,-48.4437,8503,114,6024.72809721189,80.7737272823892
Botucatu,2021-03-13,-22.8837,-48.4437,8618,115,6106.21036596167,81.4822687497786
Botucatu,2021-03-14,-22.8837,-48.4437,8747,115,6197.6122152549,81.4822687497786
Botucatu,2021-03-15,-22.8837,-48.4437,8760,118,6206.8232543309605,83.60789315194671
Botucatu,2021-03-16,-22.8837,-48.4437,8772,118,6215.32575193963,83.60789315194671
Botucatu,2021-03-17,-22.8837,-48.4437,8937,121,6332.235094058879,85.73351755411491
Botucatu,2021-03-18,-22.8837,-48.4437,9097,124,6445.6017288411795,87.859141956283
Botucatu,2021-03-19,-22.8837,-48.4437,9166,125,6494.49109009105,88.5676834236724
Botucatu,2021-03-20,-22.8837,-48.4437,9249,126,6553.30003188437,89.2762248910617
Botucatu,2021-03-21,-22.8837,-48.4437,9254,126,6556.84273922131,89.2762248910617
Botucatu,2021-03-22,-22.8837,-48.4437,9258,126,6559.676905090871,89.2762248910617
Botucatu,2021-03-23,-22.8837,-48.4437,9342,132,6619.19438835158,93.527473695398
Botucatu,2021-03-24,-22.8837,-48.4437,9431,133,6682.25457894923,94.2360151627874
Botucatu,2021-03-25,-22.8837,-48.4437,9440,133,6688.63145215574,94.2360151627874
Botucatu,2021-03-26,-22.8837,-48.4437,9630,143,6823.25433095972,101.321429836681
Botucatu,2021-03-27,-22.8837,-48.4437,9769,146,6921.74159492684,103.44705423884899
Botucatu,2021-03-28,-22.8837,-48.4437,9773,146,6924.575760796401,103.44705423884899
Botucatu,2021-03-29,-22.8837,-48.4437,9776,147,6926.70138519857,104.155595706239
Botucatu,2021-03-30,-22.8837,-48.4437,9827,149,6962.83700003543,105.57267864101699
Botucatu,2021-03-31,-22.8837,-48.4437,9930,156,7035.81677117653,110.532468912743
Botucatu,2021-04-01,-22.8837,-48.4437,10081,157,7142.806532752329,111.241010380133
Botucatu,2021-04-02,-22.8837,-48.4437,10157,159,7196.655684273921,112.658093314911
Botucatu,2021-04-03,-22.8837,-48.4437,10168,159,7204.44964041521,112.658093314911
Botucatu,2021-04-04,-22.8837,-48.4437,10171,159,7206.57526481737,112.658093314911
Botucatu,2021-04-05,-22.8837,-48.4437,10181,159,7213.6606794912705,112.658093314911
Botucatu,2021-04-06,-22.8837,-48.4437,10294,162,7293.725865306271,114.78371771707899
Botucatu,2021-04-07,-22.8837,-48.4437,10369,163,7346.86647536047,115.49225918446899
Botucatu,2021-04-08,-22.8837,-48.4437,10506,165,7443.936656392809,116.90934211924801
Botucatu,2021-04-09,-22.8837,-48.4437,10533,166,7463.067276012329,117.617883586637
Botucatu,2021-04-10,-22.8837,-48.4437,10576,169,7493.53455911007,119.743507988805
Botucatu,2021-04-11,-22.8837,-48.4437,10629,171,7531.087256881709,121.16059092358401
Botucatu,2021-04-12,-22.8837,-48.4437,10633,174,7533.921422751271,123.286215325752
Botucatu,2021-04-13,-22.8837,-48.4437,10646,175,7543.132461827329,123.99475679314101
Botucatu,2021-04-14,-22.8837,-48.4437,10660,177,7553.05204237078,125.41183972792
Botucatu,2021-04-15,-22.8837,-48.4437,10669,177,7559.42891557728,125.41183972792
Botucatu,2021-04-16,-22.8837,-48.4437,10678,180,7565.80578878379,127.53746413008801
Botucatu,2021-04-17,-22.8837,-48.4437,10689,183,7573.599744925071,129.66308853225598
Botucatu,2021-04-18,-22.8837,-48.4437,10697,183,7579.268076664191,129.66308853225598
Botucatu,2021-04-19,-22.8837,-48.4437,10699,183,7580.68515959897,129.66308853225598
Botucatu,2021-04-20,-22.8837,-48.4437,10715,189,7592.0218230772,133.914337336593
Botucatu,2021-04-21,-22.8837,-48.4437,10738,191,7608.31827682715,135.331420271371
Botucatu,2021-04-22,-22.8837,-48.4437,10754,192,7619.65494030538,136.039961738761
Botucatu,2021-04-23,-22.8837,-48.4437,10778,193,7636.65993552273,136.74850320615
Botucatu,2021-04-24,-22.8837,-48.4437,10797,194,7650.12222340312,137.45704467354
Botucatu,2021-04-25,-22.8837,-48.4437,10803,194,7654.37347220746,137.45704467354
Botucatu,2021-04-26,-22.8837,-48.4437,10808,194,7657.916179544409,137.45704467354
Botucatu,2021-04-27,-22.8837,-48.4437,10845,197,7684.132213837809,139.582669075708
Botucatu,2021-04-28,-22.8837,-48.4437,10879,199,7708.222623729051,140.999752010486
Botucatu,2021-04-29,-22.8837,-48.4437,10904,204,7725.93616041379,144.54245934743298
Botucatu,2021-04-30,-22.8837,-48.4437,10939,204,7750.735111772421,144.54245934743298
Botucatu,2021-05-01,-22.8837,-48.4437,10955,205,7762.07177525065,145.251000814823
Botucatu,2021-05-02,-22.8837,-48.4437,10960,205,7765.61448258759,145.251000814823
Botucatu,2021-05-03,-22.8837,-48.4437,10968,205,7771.282814326709,145.251000814823
Botucatu,2021-05-04,-22.8837,-48.4437,11035,207,7818.755092641801,146.668083749601
Botucatu,2021-05-05,-22.8837,-48.4437,11071,208,7844.26258546782,147.37662521699102
Botucatu,2021-05-06,-22.8837,-48.4437,11125,210,7882.523824706841,148.79370815177
Botucatu,2021-05-07,-22.8837,-48.4437,11163,210,7909.448400467641,148.79370815177
Botucatu,2021-05-08,-22.8837,-48.4437,11204,211,7938.498600630601,149.502249619159
Botucatu,2021-05-09,-22.8837,-48.4437,11214,211,7945.584015304499,149.502249619159
Botucatu,2021-05-10,-22.8837,-48.4437,11237,211,7961.880469054449,149.502249619159
Botucatu,2021-05-11,-22.8837,-48.4437,11306,211,8010.76983030432,149.502249619159
Botucatu,2021-05-12,-22.8837,-48.4437,11333,211,8029.900449923829,149.502249619159
Botucatu,2021-05-13,-22.8837,-48.4437,11419,211,8090.83501611932,149.502249619159
Botucatu,2021-05-14,-22.8837,-48.4437,11492,211,8142.558543238741,149.502249619159
Botucatu,2021-05-15,-22.8837,-48.4437,11533,211,8171.608743401709,149.502249619159
Botucatu,2021-05-16,-22.8837,-48.4437,11544,211,8179.40269954299,149.502249619159
Botucatu,2021-05-17,-22.8837,-48.4437,11570,211,8197.82477769511,149.502249619159
Botucatu,2021-05-18,-22.8837,-48.4437,11612,213,8227.58351932547,150.919332553938
Botucatu,2021-05-19,-22.8837,-48.4437,11663,215,8263.71913416233,152.336415488716
Botucatu,2021-05-20,-22.8837,-48.4437,11716,217,8301.27183193396,153.75349842349502
Botucatu,2021-05-21,-22.8837,-48.4437,11754,218,8328.196407694759,154.462039890885
Botucatu,2021-05-22,-22.8837,-48.4437,11799,219,8360.08077372728,155.170581358274
Botucatu,2021-05-23,-22.8837,-48.4437,11809,219,8367.16618840118,155.170581358274
Botucatu,2021-05-24,-22.8837,-48.4437,11816,220,8372.1259786729,155.879122825663
Botucatu,2021-05-25,-22.8837,-48.4437,11898,221,8430.22637899883,156.587664293053
Botucatu,2021-05-26,-22.8837,-48.4437,11946,224,8464.23636943352,158.713288695221
Botucatu,2021-05-27,-22.8837,-48.4437,11977,224,8486.20115492259,158.713288695221
Botucatu,2021-05-28,-22.8837,-48.4437,12008,224,8508.165940411658,158.713288695221
Botucatu,2021-05-29,-22.8837,-48.4437,12049,229,8537.21614057463,162.255996032168
Botucatu,2021-05-30,-22.8837,-48.4437,12069,229,8551.38696992241,162.255996032168
Botucatu,2021-05-31,-22.8837,-48.4437,12086,229,8563.43217486803,162.255996032168
Botucatu,2021-06-01,-22.8837,-48.4437,12170,232,8622.94965812874,164.38162043433599
Botucatu,2021-06-02,-22.8837,-48.4437,12225,233,8661.91943883516,165.090161901725
Botucatu,2021-06-03,-22.8837,-48.4437,12293,235,8710.10025861763,166.50724483650401
Botucatu,2021-06-04,-22.8837,-48.4437,12297,235,8712.934424487192,166.50724483650401
Botucatu,2021-06-05,-22.8837,-48.4437,12319,237,8728.52233676976,167.924327771283
Botucatu,2021-06-06,-22.8837,-48.4437,12327,237,8734.19066850887,167.924327771283
Botucatu,2021-06-07,-22.8837,-48.4437,12333,237,8738.44191731321,167.924327771283
Botucatu,2021-06-08,-22.8837,-48.4437,12357,242,8755.446912530551,171.46703510823
Botucatu,2021-06-09,-22.8837,-48.4437,12366,246,8761.823785737059,174.301200977787
Botucatu,2021-06-10,-22.8837,-48.4437,12425,249,8803.627732313029,176.42682537995498
Botucatu,2021-06-11,-22.8837,-48.4437,12554,250,8895.029581606259,177.135366847345
Botucatu,2021-06-12,-22.8837,-48.4437,12655,252,8966.59226981259,178.552449782123
Botucatu,2021-06-13,-22.8837,-48.4437,12665,252,8973.67768448649,178.552449782123
Botucatu,2021-06-14,-22.8837,-48.4437,12670,252,8977.22039182343,178.552449782123
Botucatu,2021-06-15,-22.8837,-48.4437,12767,254,9045.9489141602,179.969532716902
Botucatu,2021-06-16,-22.8837,-48.4437,12941,254,9169.235129485949,179.969532716902
Botucatu,2021-06-17,-22.8837,-48.4437,13015,256,9221.66719807277,181.38661565168098
Botucatu,2021-06-18,-22.8837,-48.4437,13121,259,9296.77259361604,183.51224005384898
Botucatu,2021-06-19,-22.8837,-48.4437,13195,260,9349.20466220286,184.22078152123902
Botucatu,2021-06-20,-22.8837,-48.4437,13207,260,9357.707159811529,184.22078152123902
Botucatu,2021-06-21,-22.8837,-48.4437,13216,260,9364.084033018029,184.22078152123902
Botucatu,2021-06-22,-22.8837,-48.4437,13330,262,9444.85776030042,185.63786445601698
Botucatu,2021-06-23,-22.8837,-48.4437,13407,264,9499.415453289399,187.054947390796
Botucatu,2021-06-24,-22.8837,-48.4437,13433,265,9517.83753144153,187.763488858185
Botucatu,2021-06-25,-22.8837,-48.4437,13782,265,9765.11850356042,187.763488858185
Botucatu,2021-06-26,-22.8837,-48.4437,14302,268,10133.5600666029,189.889113260354
Botucatu,2021-06-27,-22.8837,-48.4437,14310,268,10139.228398342,189.889113260354
Botucatu,2021-06-28,-22.8837,-48.4437,14450,268,10238.4242037765,189.889113260354
Botucatu,2021-06-29,-22.8837,-48.4437,14987,270,10618.910971764599,191.30619619513197
Botucatu,2021-06-30,-22.8837,-48.4437,15154,271,10737.2373968186,192.014737662522
Botucatu,2021-07-01,-22.8837,-48.4437,15683,271,11112.0558330676,192.014737662522
