city,city_ibge_code,date,epidemiological_week,estimated_population,estimated_population_2019,is_last,is_repeated,casos,last_available_confirmed_per_100k_inhabitants,last_available_date,last_available_death_rate,obitos,order_for_place,place_type,state,casos_novos,obitos_novos
Botucatu,3507506.0,2020-04-04,202014,148130.0,146497.0,False,False,7,4.72558,2020-04-04,0.0,0,1,city,SP,7,0
Botucatu,3507506.0,2020-04-05,202015,148130.0,146497.0,False,False,7,4.72558,2020-04-05,0.0,0,2,city,SP,0,0
Botucatu,3507506.0,2020-04-06,202015,148130.0,146497.0,False,False,7,4.72558,2020-04-06,0.0,0,3,city,SP,0,0
Botucatu,3507506.0,2020-04-07,202015,148130.0,146497.0,False,False,8,5.40066,2020-04-07,0.0,0,4,city,SP,1,0
Botucatu,3507506.0,2020-04-08,202015,148130.0,146497.0,False,False,9,6.075740000000001,2020-04-08,0.1111,1,5,city,SP,1,1
Botucatu,3507506.0,2020-04-09,202015,148130.0,146497.0,False,False,15,10.12624,2020-04-09,0.0667,1,6,city,SP,6,0
Botucatu,3507506.0,2020-04-10,202015,148130.0,146497.0,False,False,15,10.12624,2020-04-10,0.0667,1,7,city,SP,0,0
Botucatu,3507506.0,2020-04-11,202015,148130.0,146497.0,False,False,15,10.12624,2020-04-11,0.0667,1,8,city,SP,0,0
Botucatu,3507506.0,2020-04-12,202016,148130.0,146497.0,False,False,15,10.12624,2020-04-12,0.0667,1,9,city,SP,0,0
Botucatu,3507506.0,2020-04-13,202016,148130.0,146497.0,False,False,16,10.80132,2020-04-13,0.0625,1,10,city,SP,1,0
Botucatu,3507506.0,2020-04-14,202016,148130.0,146497.0,False,False,23,15.5269,2020-04-14,0.087,2,11,city,SP,7,1
Botucatu,3507506.0,2020-04-15,202016,148130.0,146497.0,False,False,23,15.5269,2020-04-15,0.087,2,12,city,SP,0,0
Botucatu,3507506.0,2020-04-16,202016,148130.0,146497.0,False,False,24,16.20198,2020-04-16,0.0833,2,13,city,SP,1,0
Botucatu,3507506.0,2020-04-17,202016,148130.0,146497.0,False,False,27,18.22723,2020-04-17,0.0741,2,14,city,SP,3,0
Botucatu,3507506.0,2020-04-18,202016,148130.0,146497.0,False,False,27,18.22723,2020-04-18,0.0741,2,15,city,SP,0,0
Botucatu,3507506.0,2020-04-19,202017,148130.0,146497.0,False,False,27,18.22723,2020-04-19,0.0741,2,16,city,SP,0,0
Botucatu,3507506.0,2020-04-20,202017,148130.0,146497.0,False,False,27,18.22723,2020-04-20,0.0741,2,17,city,SP,0,0
Botucatu,3507506.0,2020-04-21,202017,148130.0,146497.0,False,False,28,18.90232,2020-04-21,0.0714,2,18,city,SP,1,0
Botucatu,3507506.0,2020-04-22,202017,148130.0,146497.0,False,False,28,18.90232,2020-04-22,0.0714,2,19,city,SP,0,0
Botucatu,3507506.0,2020-04-23,202017,148130.0,146497.0,False,False,28,18.90232,2020-04-23,0.0714,2,20,city,SP,0,0
Botucatu,3507506.0,2020-04-24,202017,148130.0,146497.0,False,False,35,23.62789,2020-04-24,0.0571,2,21,city,SP,7,0
Botucatu,3507506.0,2020-04-25,202017,148130.0,146497.0,False,False,38,25.65314,2020-04-25,0.0526,2,22,city,SP,3,0
Botucatu,3507506.0,2020-04-26,202018,148130.0,146497.0,False,False,38,25.65314,2020-04-26,0.0526,2,23,city,SP,0,0
Botucatu,3507506.0,2020-04-27,202018,148130.0,146497.0,False,False,40,27.00331,2020-04-27,0.05,2,24,city,SP,2,0
Botucatu,3507506.0,2020-04-28,202018,148130.0,146497.0,False,False,52,35.1043,2020-04-28,0.0385,2,25,city,SP,12,0
Botucatu,3507506.0,2020-04-29,202018,148130.0,146497.0,False,False,56,37.804629999999996,2020-04-29,0.0714,4,26,city,SP,4,2
Botucatu,3507506.0,2020-04-30,202018,148130.0,146497.0,False,False,67,45.230540000000005,2020-04-30,0.0597,4,27,city,SP,11,0
Botucatu,3507506.0,2020-05-01,202018,148130.0,146497.0,False,False,73,49.281040000000004,2020-05-01,0.0548,4,28,city,SP,6,0
Botucatu,3507506.0,2020-05-02,202018,148130.0,146497.0,False,False,74,49.95612,2020-05-02,0.0541,4,29,city,SP,1,0
Botucatu,3507506.0,2020-05-03,202019,148130.0,146497.0,False,False,74,49.95612,2020-05-03,0.0541,4,30,city,SP,0,0
Botucatu,3507506.0,2020-05-04,202019,148130.0,146497.0,False,False,74,49.95612,2020-05-04,0.0541,4,31,city,SP,0,0
Botucatu,3507506.0,2020-05-05,202019,148130.0,146497.0,False,False,74,49.95612,2020-05-05,0.0541,4,32,city,SP,0,0
Botucatu,3507506.0,2020-05-06,202019,148130.0,146497.0,False,False,84,56.70695,2020-05-06,0.0476,4,33,city,SP,10,0
Botucatu,3507506.0,2020-05-07,202019,148130.0,146497.0,False,False,88,59.40728000000001,2020-05-07,0.0568,5,34,city,SP,4,1
Botucatu,3507506.0,2020-05-08,202019,148130.0,146497.0,False,False,90,60.75744,2020-05-08,0.0556,5,35,city,SP,2,0
Botucatu,3507506.0,2020-05-09,202019,148130.0,146497.0,False,False,95,64.13286,2020-05-09,0.0526,5,36,city,SP,5,0
Botucatu,3507506.0,2020-05-10,202020,148130.0,146497.0,False,False,101,68.18335,2020-05-10,0.0495,5,37,city,SP,6,0
Botucatu,3507506.0,2020-05-11,202020,148130.0,146497.0,False,False,101,68.18335,2020-05-11,0.0495,5,38,city,SP,0,0
Botucatu,3507506.0,2020-05-12,202020,148130.0,146497.0,False,False,106,71.55877,2020-05-12,0.0472,5,39,city,SP,5,0
Botucatu,3507506.0,2020-05-13,202020,148130.0,146497.0,False,False,121,81.68500999999999,2020-05-13,0.0413,5,40,city,SP,15,0
Botucatu,3507506.0,2020-05-14,202020,148130.0,146497.0,False,False,124,83.71025,2020-05-14,0.0403,5,41,city,SP,3,0
Botucatu,3507506.0,2020-05-15,202020,148130.0,146497.0,False,False,130,87.76075,2020-05-15,0.0385,5,42,city,SP,6,0
Botucatu,3507506.0,2020-05-16,202020,148130.0,146497.0,False,False,143,96.53683000000001,2020-05-16,0.042,6,43,city,SP,13,1
Botucatu,3507506.0,2020-05-17,202021,148130.0,146497.0,False,False,151,101.93749,2020-05-17,0.0397,6,44,city,SP,8,0
Botucatu,3507506.0,2020-05-18,202021,148130.0,146497.0,False,False,159,107.33815,2020-05-18,0.0377,6,45,city,SP,8,0
Botucatu,3507506.0,2020-05-19,202021,148130.0,146497.0,False,False,160,108.01323000000001,2020-05-19,0.0437,7,46,city,SP,1,1
Botucatu,3507506.0,2020-05-20,202021,148130.0,146497.0,False,False,183,123.54013,2020-05-20,0.0383,7,47,city,SP,23,0
Botucatu,3507506.0,2020-05-21,202021,148130.0,146497.0,False,False,193,130.29096,2020-05-21,0.0363,7,48,city,SP,10,0
Botucatu,3507506.0,2020-05-22,202021,148130.0,146497.0,False,False,196,132.31621,2020-05-22,0.0357,7,49,city,SP,3,0
Botucatu,3507506.0,2020-05-23,202021,148130.0,146497.0,False,False,204,137.71687,2020-05-23,0.0343,7,50,city,SP,8,0
Botucatu,3507506.0,2020-05-24,202022,148130.0,146497.0,False,False,217,146.49295,2020-05-24,0.0323,7,51,city,SP,13,0
Botucatu,3507506.0,2020-05-25,202022,148130.0,146497.0,False,False,218,147.16803000000002,2020-05-25,0.0321,7,52,city,SP,1,0
Botucatu,3507506.0,2020-05-26,202022,148130.0,146497.0,False,False,218,147.16803000000002,2020-05-26,0.0321,7,53,city,SP,0,0
Botucatu,3507506.0,2020-05-27,202022,148130.0,146497.0,False,False,238,160.66968,2020-05-27,0.0294,7,54,city,SP,20,0
Botucatu,3507506.0,2020-05-28,202022,148130.0,146497.0,False,False,257,173.49625,2020-05-28,0.0272,7,55,city,SP,19,0
Botucatu,3507506.0,2020-05-29,202022,148130.0,146497.0,False,False,261,176.19658,2020-05-29,0.0268,7,56,city,SP,4,0
Botucatu,3507506.0,2020-05-30,202022,148130.0,146497.0,False,False,276,186.32282,2020-05-30,0.0254,7,57,city,SP,15,0
Botucatu,3507506.0,2020-05-31,202023,148130.0,146497.0,False,False,284,191.72349,2020-05-31,0.0246,7,58,city,SP,8,0
Botucatu,3507506.0,2020-06-01,202023,148130.0,146497.0,False,False,284,191.72349,2020-06-01,0.0246,7,59,city,SP,0,0
Botucatu,3507506.0,2020-06-02,202023,148130.0,146497.0,False,False,302,203.87497,2020-06-02,0.0232,7,60,city,SP,18,0
Botucatu,3507506.0,2020-06-03,202023,148130.0,146497.0,False,False,304,205.22513999999998,2020-06-03,0.023,7,61,city,SP,2,0
Botucatu,3507506.0,2020-06-04,202023,148130.0,146497.0,False,False,325,219.40187999999998,2020-06-04,0.0215,7,62,city,SP,21,0
Botucatu,3507506.0,2020-06-05,202023,148130.0,146497.0,False,False,344,232.22845,2020-06-05,0.0233,8,63,city,SP,19,1
Botucatu,3507506.0,2020-06-06,202023,148130.0,146497.0,False,False,343,231.55337000000003,2020-06-06,0.0262,9,64,city,SP,-1,1
Botucatu,3507506.0,2020-06-07,202024,148130.0,146497.0,False,False,378,255.18126,2020-06-07,0.0238,9,65,city,SP,35,0
Botucatu,3507506.0,2020-06-08,202024,148130.0,146497.0,False,False,380,256.53143,2020-06-08,0.0237,9,66,city,SP,2,0
Botucatu,3507506.0,2020-06-09,202024,148130.0,146497.0,False,False,383,258.55667,2020-06-09,0.0235,9,67,city,SP,3,0
Botucatu,3507506.0,2020-06-10,202024,148130.0,146497.0,False,False,393,265.3075,2020-06-10,0.0229,9,68,city,SP,10,0
Botucatu,3507506.0,2020-06-11,202024,148130.0,146497.0,False,False,411,277.45899,2020-06-11,0.0219,9,69,city,SP,18,0
Botucatu,3507506.0,2020-06-12,202024,148130.0,146497.0,False,False,425,286.91015,2020-06-12,0.0212,9,70,city,SP,14,0
Botucatu,3507506.0,2020-06-13,202024,148130.0,146497.0,False,False,426,287.58522999999997,2020-06-13,0.0235,10,71,city,SP,1,1
Botucatu,3507506.0,2020-06-14,202025,148130.0,146497.0,False,False,427,288.26031,2020-06-14,0.0234,10,72,city,SP,1,0
Botucatu,3507506.0,2020-06-15,202025,148130.0,146497.0,False,False,428,288.93539,2020-06-15,0.0234,10,73,city,SP,1,0
Botucatu,3507506.0,2020-06-16,202025,148130.0,146497.0,False,False,444,299.73672,2020-06-16,0.0225,10,74,city,SP,16,0
Botucatu,3507506.0,2020-06-17,202025,148130.0,146497.0,False,False,444,299.73672,2020-06-17,0.0225,10,75,city,SP,0,0
Botucatu,3507506.0,2020-06-18,202025,148130.0,146497.0,False,False,444,299.73672,2020-06-18,0.0225,10,76,city,SP,0,0
Botucatu,3507506.0,2020-06-19,202025,148130.0,146497.0,False,False,484,326.74003,2020-06-19,0.0248,12,77,city,SP,40,2
Botucatu,3507506.0,2020-06-20,202025,148130.0,146497.0,False,False,492,332.14069,2020-06-20,0.0264,13,78,city,SP,8,1
Botucatu,3507506.0,2020-06-21,202026,148130.0,146497.0,False,False,515,347.66759,2020-06-21,0.0252,13,79,city,SP,23,0
Botucatu,3507506.0,2020-06-22,202026,148130.0,146497.0,False,False,516,348.34267,2020-06-22,0.0252,13,80,city,SP,1,0
Botucatu,3507506.0,2020-06-23,202026,148130.0,146497.0,False,False,524,353.74332999999996,2020-06-23,0.0248,13,81,city,SP,8,0
Botucatu,3507506.0,2020-06-24,202026,148130.0,146497.0,False,False,538,363.19449,2020-06-24,0.026,14,82,city,SP,14,1
Botucatu,3507506.0,2020-06-25,202026,148130.0,146497.0,False,False,552,372.64565,2020-06-25,0.0254,14,83,city,SP,14,0
Botucatu,3507506.0,2020-06-26,202026,148130.0,146497.0,False,False,583,393.57321,2020-06-26,0.0257,15,84,city,SP,31,1
Botucatu,3507506.0,2020-06-27,202026,148130.0,146497.0,False,False,588,396.94863,2020-06-27,0.0255,15,85,city,SP,5,0
Botucatu,3507506.0,2020-06-28,202027,148130.0,146497.0,False,False,603,407.07487000000003,2020-06-28,0.0249,15,86,city,SP,15,0
Botucatu,3507506.0,2020-06-29,202027,148130.0,146497.0,False,False,625,421.92669000000006,2020-06-29,0.024,15,87,city,SP,22,0
Botucatu,3507506.0,2020-06-30,202027,148130.0,146497.0,False,False,631,425.97718,2020-06-30,0.0238,15,88,city,SP,6,0
Botucatu,3507506.0,2020-07-01,202027,148130.0,146497.0,False,False,655,442.17917,2020-07-01,0.0229,15,89,city,SP,24,0
Botucatu,3507506.0,2020-07-02,202027,148130.0,146497.0,False,False,679,458.38115,2020-07-02,0.0221,15,90,city,SP,24,0
Botucatu,3507506.0,2020-07-03,202027,148130.0,146497.0,False,False,709,478.63363,2020-07-03,0.0212,15,91,city,SP,30,0
Botucatu,3507506.0,2020-07-04,202027,148130.0,146497.0,False,False,712,480.65887999999995,2020-07-04,0.0211,15,92,city,SP,3,0
Botucatu,3507506.0,2020-07-05,202028,148130.0,146497.0,False,False,731,493.48545,2020-07-05,0.0205,15,93,city,SP,19,0
Botucatu,3507506.0,2020-07-06,202028,148130.0,146497.0,False,False,758,511.71268,2020-07-06,0.0198,15,94,city,SP,27,0
Botucatu,3507506.0,2020-07-07,202028,148130.0,146497.0,False,False,771,520.48876,2020-07-07,0.0208,16,95,city,SP,13,1
Botucatu,3507506.0,2020-07-08,202028,148130.0,146497.0,False,False,772,521.16384,2020-07-08,0.0207,16,96,city,SP,1,0
Botucatu,3507506.0,2020-07-09,202028,148130.0,146497.0,False,False,791,533.99041,2020-07-09,0.0215,17,97,city,SP,19,1
Botucatu,3507506.0,2020-07-10,202028,148130.0,146497.0,False,False,818,552.21765,2020-07-10,0.022,18,98,city,SP,27,1
Botucatu,3507506.0,2020-07-11,202028,148130.0,146497.0,False,False,840,567.06947,2020-07-11,0.0214,18,99,city,SP,22,0
Botucatu,3507506.0,2020-07-12,202029,148130.0,146497.0,False,False,841,567.74455,2020-07-12,0.0214,18,100,city,SP,1,0
Botucatu,3507506.0,2020-07-13,202029,148130.0,146497.0,False,False,841,567.74455,2020-07-13,0.0214,18,101,city,SP,0,0
Botucatu,3507506.0,2020-07-14,202029,148130.0,146497.0,False,False,885,597.4481900000001,2020-07-14,0.0203,18,102,city,SP,44,0
Botucatu,3507506.0,2020-07-15,202029,148130.0,146497.0,False,False,891,601.49868,2020-07-15,0.0213,19,103,city,SP,6,1
Botucatu,3507506.0,2020-07-16,202029,148130.0,146497.0,False,False,900,607.57443,2020-07-16,0.0211,19,104,city,SP,9,0
Botucatu,3507506.0,2020-07-17,202029,148130.0,146497.0,False,False,918,619.72592,2020-07-17,0.0207,19,105,city,SP,18,0
Botucatu,3507506.0,2020-07-18,202029,148130.0,146497.0,False,False,922,622.42625,2020-07-18,0.0206,19,106,city,SP,4,0
Botucatu,3507506.0,2020-07-19,202030,148130.0,146497.0,False,False,923,623.10133,2020-07-19,0.0206,19,107,city,SP,1,0
Botucatu,3507506.0,2020-07-20,202030,148130.0,146497.0,False,False,930,627.82691,2020-07-20,0.0204,19,108,city,SP,7,0
Botucatu,3507506.0,2020-07-21,202030,148130.0,146497.0,False,False,935,631.20232,2020-07-21,0.0203,19,109,city,SP,5,0
Botucatu,3507506.0,2020-07-22,202030,148130.0,146497.0,False,False,1010,681.83352,2020-07-22,0.0188,19,110,city,SP,75,0
Botucatu,3507506.0,2020-07-23,202030,148130.0,146497.0,False,False,1051,709.51192,2020-07-23,0.0181,19,111,city,SP,41,0
Botucatu,3507506.0,2020-07-24,202030,148130.0,146497.0,False,False,1071,723.0135700000001,2020-07-24,0.0215,23,112,city,SP,20,4
Botucatu,3507506.0,2020-07-25,202030,148130.0,146497.0,False,False,1118,754.7424599999999,2020-07-25,0.0206,23,113,city,SP,47,0
Botucatu,3507506.0,2020-07-26,202031,148130.0,146497.0,False,False,1120,756.09262,2020-07-26,0.0214,24,114,city,SP,2,1
Botucatu,3507506.0,2020-07-27,202031,148130.0,146497.0,False,False,1120,756.09262,2020-07-27,0.0214,24,115,city,SP,0,0
Botucatu,3507506.0,2020-07-28,202031,148130.0,146497.0,False,False,1152,777.69527,2020-07-28,0.0208,24,116,city,SP,32,0
Botucatu,3507506.0,2020-07-29,202031,148130.0,146497.0,False,False,1170,789.84676,2020-07-29,0.0214,25,117,city,SP,18,1
Botucatu,3507506.0,2020-07-30,202031,148130.0,146497.0,False,False,1214,819.55039,2020-07-30,0.0206,25,118,city,SP,44,0
Botucatu,3507506.0,2020-07-31,202031,148130.0,146497.0,False,False,1215,820.22548,2020-07-31,0.0206,25,119,city,SP,1,0
Botucatu,3507506.0,2020-08-01,202031,148130.0,146497.0,False,False,1253,845.87862,2020-08-01,0.0208,26,120,city,SP,38,1
Botucatu,3507506.0,2020-08-02,202032,148130.0,146497.0,False,False,1253,845.87862,2020-08-02,0.0208,26,121,city,SP,0,0
Botucatu,3507506.0,2020-08-03,202032,148130.0,146497.0,False,False,1253,845.87862,2020-08-03,0.0208,26,122,city,SP,0,0
Botucatu,3507506.0,2020-08-04,202032,148130.0,146497.0,False,False,1293,872.8819300000001,2020-08-04,0.0201,26,123,city,SP,40,0
Botucatu,3507506.0,2020-08-05,202032,148130.0,146497.0,False,False,1291,871.53176,2020-08-05,0.0201,26,124,city,SP,-2,0
Botucatu,3507506.0,2020-08-06,202032,148130.0,146497.0,False,False,1332,899.21015,2020-08-06,0.0203,27,125,city,SP,41,1
Botucatu,3507506.0,2020-08-07,202032,148130.0,146497.0,False,False,1345,907.9862300000001,2020-08-07,0.0201,27,126,city,SP,13,0
Botucatu,3507506.0,2020-08-08,202032,148130.0,146497.0,False,False,1384,934.31445,2020-08-08,0.0195,27,127,city,SP,39,0
Botucatu,3507506.0,2020-08-09,202033,148130.0,146497.0,False,False,1404,947.81611,2020-08-09,0.0199,28,128,city,SP,20,1
Botucatu,3507506.0,2020-08-10,202033,148130.0,146497.0,False,False,1404,947.81611,2020-08-10,0.0199,28,129,city,SP,0,0
Botucatu,3507506.0,2020-08-11,202033,148130.0,146497.0,False,False,1433,967.39351,2020-08-11,0.0195,28,130,city,SP,29,0
Botucatu,3507506.0,2020-08-12,202033,148130.0,146497.0,False,False,1451,979.54499,2020-08-12,0.0193,28,131,city,SP,18,0
Botucatu,3507506.0,2020-08-13,202033,148130.0,146497.0,False,False,1465,988.99615,2020-08-13,0.0191,28,132,city,SP,14,0
Botucatu,3507506.0,2020-08-14,202033,148130.0,146497.0,False,False,1497,1010.5988,2020-08-14,0.0187,28,133,city,SP,32,0
Botucatu,3507506.0,2020-08-15,202033,148130.0,146497.0,False,False,1526,1030.1762,2020-08-15,0.0183,28,134,city,SP,29,0
Botucatu,3507506.0,2020-08-16,202034,148130.0,146497.0,False,False,1545,1043.0027699999998,2020-08-16,0.0181,28,135,city,SP,19,0
Botucatu,3507506.0,2020-08-17,202034,148130.0,146497.0,False,False,1561,1053.80409,2020-08-17,0.0179,28,136,city,SP,16,0
Botucatu,3507506.0,2020-08-18,202034,148130.0,146497.0,False,False,1569,1059.20475,2020-08-18,0.0185,29,137,city,SP,8,1
Botucatu,3507506.0,2020-08-19,202034,148130.0,146497.0,False,False,1583,1068.65591,2020-08-19,0.0183,29,138,city,SP,14,0
Botucatu,3507506.0,2020-08-20,202034,148130.0,146497.0,False,False,1617,1091.60872,2020-08-20,0.0179,29,139,city,SP,34,0
Botucatu,3507506.0,2020-08-21,202034,148130.0,146497.0,False,False,1638,1105.78546,2020-08-21,0.0177,29,140,city,SP,21,0
Botucatu,3507506.0,2020-08-22,202034,148130.0,146497.0,False,False,1653,1115.9117,2020-08-22,0.0175,29,141,city,SP,15,0
Botucatu,3507506.0,2020-08-23,202035,148130.0,146497.0,False,False,1683,1136.16418,2020-08-23,0.0172,29,142,city,SP,30,0
Botucatu,3507506.0,2020-08-24,202035,148130.0,146497.0,False,False,1703,1149.6658300000001,2020-08-24,0.017,29,143,city,SP,20,0
Botucatu,3507506.0,2020-08-25,202035,148130.0,146497.0,False,False,1713,1156.4166599999999,2020-08-25,0.0175,30,144,city,SP,10,1
Botucatu,3507506.0,2020-08-26,202035,148130.0,146497.0,False,False,1770,1194.89637,2020-08-26,0.0169,30,145,city,SP,57,0
Botucatu,3507506.0,2020-08-27,202035,148130.0,146497.0,False,False,1777,1199.62195,2020-08-27,0.0174,31,146,city,SP,7,1
Botucatu,3507506.0,2020-08-28,202035,148130.0,146497.0,False,False,1815,1225.2751,2020-08-28,0.0171,31,147,city,SP,38,0
Botucatu,3507506.0,2020-08-29,202035,148130.0,146497.0,False,True,1815,1225.2751,2020-08-28,0.0171,31,148,city,SP,0,0
Botucatu,3507506.0,2020-08-30,202036,148130.0,146497.0,False,False,1826,1232.70101,2020-08-30,0.017,31,149,city,SP,11,0
Botucatu,3507506.0,2020-08-31,202036,148130.0,146497.0,False,False,1825,1232.0259199999998,2020-08-31,0.017,31,150,city,SP,-1,0
Botucatu,3507506.0,2020-09-01,202036,148130.0,146497.0,False,False,1864,1258.35415,2020-09-01,0.0172,32,151,city,SP,39,1
Botucatu,3507506.0,2020-09-02,202036,148130.0,146497.0,False,False,1903,1284.68237,2020-09-02,0.0168,32,152,city,SP,39,0
Botucatu,3507506.0,2020-09-03,202036,148130.0,146497.0,False,False,1917,1294.13353,2020-09-03,0.0167,32,153,city,SP,14,0
Botucatu,3507506.0,2020-09-04,202036,148130.0,146497.0,False,False,1954,1319.11159,2020-09-04,0.0164,32,154,city,SP,37,0
Botucatu,3507506.0,2020-09-05,202036,148130.0,146497.0,False,False,1973,1331.93816,2020-09-05,0.0167,33,155,city,SP,19,1
Botucatu,3507506.0,2020-09-06,202037,148130.0,146497.0,False,False,1986,1340.71424,2020-09-06,0.0166,33,156,city,SP,13,0
Botucatu,3507506.0,2020-09-07,202037,148130.0,146497.0,False,True,1986,1340.71424,2020-09-06,0.0166,33,157,city,SP,0,0
Botucatu,3507506.0,2020-09-08,202037,148130.0,146497.0,False,False,2004,1352.86573,2020-09-08,0.0165,33,158,city,SP,18,0
Botucatu,3507506.0,2020-09-09,202037,148130.0,146497.0,False,False,2016,1360.96672,2020-09-09,0.0179,36,159,city,SP,12,3
Botucatu,3507506.0,2020-09-10,202037,148130.0,146497.0,False,False,2040,1377.1687,2020-09-10,0.0176,36,160,city,SP,24,0
Botucatu,3507506.0,2020-09-11,202037,148130.0,146497.0,False,False,2059,1389.99527,2020-09-11,0.018,37,161,city,SP,19,1
Botucatu,3507506.0,2020-09-12,202037,148130.0,146497.0,False,False,2090,1410.92284,2020-09-12,0.0182,38,162,city,SP,31,1
Botucatu,3507506.0,2020-09-13,202038,148130.0,146497.0,False,False,2093,1412.94809,2020-09-13,0.0182,38,163,city,SP,3,0
Botucatu,3507506.0,2020-09-14,202038,148130.0,146497.0,False,False,2096,1414.97333,2020-09-14,0.0181,38,164,city,SP,3,0
Botucatu,3507506.0,2020-09-15,202038,148130.0,146497.0,False,False,2115,1427.79991,2020-09-15,0.0184,39,165,city,SP,19,1
Botucatu,3507506.0,2020-09-16,202038,148130.0,146497.0,False,False,2138,1443.32681,2020-09-16,0.0182,39,166,city,SP,23,0
Botucatu,3507506.0,2020-09-17,202038,148130.0,146497.0,False,False,2164,1460.87896,2020-09-17,0.0185,40,167,city,SP,26,1
Botucatu,3507506.0,2020-09-18,202038,148130.0,146497.0,False,False,2201,1485.85702,2020-09-18,0.0182,40,168,city,SP,37,0
Botucatu,3507506.0,2020-09-19,202038,148130.0,146497.0,False,False,2235,1508.8098300000001,2020-09-19,0.0179,40,169,city,SP,34,0
Botucatu,3507506.0,2020-09-20,202039,148130.0,146497.0,False,False,2235,1508.8098300000001,2020-09-20,0.0179,40,170,city,SP,0,0
Botucatu,3507506.0,2020-09-21,202039,148130.0,146497.0,False,False,2253,1520.96132,2020-09-21,0.0182,41,171,city,SP,18,1
Botucatu,3507506.0,2020-09-22,202039,148130.0,146497.0,False,False,2255,1522.31148,2020-09-22,0.0182,41,172,city,SP,2,0
Botucatu,3507506.0,2020-09-23,202039,148130.0,146497.0,False,False,2274,1535.13805,2020-09-23,0.018,41,173,city,SP,19,0
Botucatu,3507506.0,2020-09-24,202039,148130.0,146497.0,False,False,2281,1539.86363,2020-09-24,0.018,41,174,city,SP,7,0
Botucatu,3507506.0,2020-09-25,202039,148130.0,146497.0,False,False,2302,1554.04037,2020-09-25,0.0182,42,175,city,SP,21,1
Botucatu,3507506.0,2020-09-26,202039,148130.0,146497.0,False,False,2314,1562.1413599999998,2020-09-26,0.0182,42,176,city,SP,12,0
Botucatu,3507506.0,2020-09-27,202040,148130.0,146497.0,False,False,2314,1562.1413599999998,2020-09-27,0.0182,42,177,city,SP,0,0
Botucatu,3507506.0,2020-09-28,202040,148130.0,146497.0,False,False,2314,1562.1413599999998,2020-09-28,0.0182,42,178,city,SP,0,0
Botucatu,3507506.0,2020-09-29,202040,148130.0,146497.0,False,False,2328,1571.59252,2020-09-29,0.018,42,179,city,SP,14,0
Botucatu,3507506.0,2020-09-30,202040,148130.0,146497.0,False,False,2346,1583.74401,2020-09-30,0.0179,42,180,city,SP,18,0
Botucatu,3507506.0,2020-10-01,202040,148130.0,146497.0,False,False,2359,1592.52008,2020-10-01,0.0187,44,181,city,SP,13,2
Botucatu,3507506.0,2020-10-02,202040,148130.0,146497.0,False,False,2379,1606.0217400000001,2020-10-02,0.0185,44,182,city,SP,20,0
Botucatu,3507506.0,2020-10-03,202040,148130.0,146497.0,False,False,2393,1615.4729,2020-10-03,0.0184,44,183,city,SP,14,0
Botucatu,3507506.0,2020-10-04,202041,148130.0,146497.0,False,True,2393,1615.4729,2020-10-03,0.0184,44,184,city,SP,0,0
Botucatu,3507506.0,2020-10-05,202041,148130.0,146497.0,False,True,2393,1615.4729,2020-10-03,0.0184,44,185,city,SP,0,0
Botucatu,3507506.0,2020-10-06,202041,148130.0,146497.0,False,False,2412,1628.29947,2020-10-06,0.0187,45,186,city,SP,19,1
Botucatu,3507506.0,2020-10-07,202041,148130.0,146497.0,False,True,2412,1628.29947,2020-10-06,0.0187,45,187,city,SP,0,0
Botucatu,3507506.0,2020-10-08,202041,148130.0,146497.0,False,False,2433,1642.4762,2020-10-08,0.0193,47,188,city,SP,21,2
Botucatu,3507506.0,2020-10-09,202041,148130.0,146497.0,False,False,2443,1649.22703,2020-10-09,0.0192,47,189,city,SP,10,0
Botucatu,3507506.0,2020-10-10,202041,148130.0,146497.0,False,False,2459,1660.02835,2020-10-10,0.0191,47,190,city,SP,16,0
Botucatu,3507506.0,2020-10-11,202042,148130.0,146497.0,False,False,2459,1660.02835,2020-10-11,0.0191,47,191,city,SP,0,0
Botucatu,3507506.0,2020-10-12,202042,148130.0,146497.0,False,False,2461,1661.37852,2020-10-12,0.0195,48,192,city,SP,2,1
Botucatu,3507506.0,2020-10-13,202042,148130.0,146497.0,False,False,2463,1662.7286800000002,2020-10-13,0.0195,48,193,city,SP,2,0
Botucatu,3507506.0,2020-10-14,202042,148130.0,146497.0,False,False,2485,1677.5805,2020-10-14,0.0189,47,194,city,SP,22,-1
Botucatu,3507506.0,2020-10-15,202042,148130.0,146497.0,False,False,2494,1683.65625,2020-10-15,0.0188,47,195,city,SP,9,0
Botucatu,3507506.0,2020-10-16,202042,148130.0,146497.0,False,True,2494,1683.65625,2020-10-15,0.0188,47,196,city,SP,0,0
Botucatu,3507506.0,2020-10-17,202042,148130.0,146497.0,False,False,2513,1696.48282,2020-10-17,0.0187,47,197,city,SP,19,0
Botucatu,3507506.0,2020-10-18,202043,148130.0,146497.0,False,False,2517,1699.18315,2020-10-18,0.0187,47,198,city,SP,4,0
Botucatu,3507506.0,2020-10-19,202043,148130.0,146497.0,False,False,2517,1699.18315,2020-10-19,0.0187,47,199,city,SP,0,0
Botucatu,3507506.0,2020-10-20,202043,148130.0,146497.0,False,False,2563,1730.23695,2020-10-20,0.0183,47,200,city,SP,46,0
Botucatu,3507506.0,2020-10-21,202043,148130.0,146497.0,False,False,2570,1734.96253,2020-10-21,0.0183,47,201,city,SP,7,0
Botucatu,3507506.0,2020-10-22,202043,148130.0,146497.0,False,False,2574,1737.6628600000001,2020-10-22,0.0183,47,202,city,SP,4,0
Botucatu,3507506.0,2020-10-23,202043,148130.0,146497.0,False,False,2587,1746.4389399999998,2020-10-23,0.0182,47,203,city,SP,13,0
Botucatu,3507506.0,2020-10-24,202043,148130.0,146497.0,False,False,2604,1757.9153399999998,2020-10-24,0.0184,48,204,city,SP,17,1
Botucatu,3507506.0,2020-10-25,202044,148130.0,146497.0,False,False,2623,1770.74192,2020-10-25,0.0183,48,205,city,SP,19,0
Botucatu,3507506.0,2020-10-26,202044,148130.0,146497.0,False,False,2626,1772.76716,2020-10-26,0.0183,48,206,city,SP,3,0
Botucatu,3507506.0,2020-10-27,202044,148130.0,146497.0,False,False,2635,1778.84291,2020-10-27,0.0186,49,207,city,SP,9,1
Botucatu,3507506.0,2020-10-28,202044,148130.0,146497.0,False,False,2642,1783.5684899999999,2020-10-28,0.0189,50,208,city,SP,7,1
Botucatu,3507506.0,2020-10-29,202044,148130.0,146497.0,False,False,2645,1785.5937399999998,2020-10-29,0.0189,50,209,city,SP,3,0
Botucatu,3507506.0,2020-10-30,202044,148130.0,146497.0,False,False,2650,1788.96915,2020-10-30,0.0189,50,210,city,SP,5,0
Botucatu,3507506.0,2020-10-31,202044,148130.0,146497.0,False,False,2658,1794.3698100000001,2020-10-31,0.0188,50,211,city,SP,8,0
Botucatu,3507506.0,2020-11-01,202045,148130.0,146497.0,False,True,2658,1794.3698100000001,2020-10-31,0.0188,50,212,city,SP,0,0
Botucatu,3507506.0,2020-11-02,202045,148130.0,146497.0,False,False,2658,1794.3698100000001,2020-11-02,0.0188,50,213,city,SP,0,0
Botucatu,3507506.0,2020-11-03,202045,148130.0,146497.0,False,False,2659,1795.04489,2020-11-03,0.0196,52,214,city,SP,1,2
Botucatu,3507506.0,2020-11-04,202045,148130.0,146497.0,False,False,2664,1798.4203100000002,2020-11-04,0.0195,52,215,city,SP,5,0
Botucatu,3507506.0,2020-11-05,202045,148130.0,146497.0,False,False,2671,1803.1458899999998,2020-11-05,0.0195,52,216,city,SP,7,0
Botucatu,3507506.0,2020-11-06,202045,148130.0,146497.0,False,True,2671,1803.1458899999998,2020-11-05,0.0195,52,217,city,SP,0,0
Botucatu,3507506.0,2020-11-07,202045,148130.0,146497.0,False,True,2671,1803.1458899999998,2020-11-05,0.0195,52,218,city,SP,0,0
Botucatu,3507506.0,2020-11-08,202046,148130.0,146497.0,False,True,2671,1803.1458899999998,2020-11-05,0.0195,52,219,city,SP,0,0
Botucatu,3507506.0,2020-11-09,202046,148130.0,146497.0,False,True,2671,1803.1458899999998,2020-11-05,0.0195,52,220,city,SP,0,0
Botucatu,3507506.0,2020-11-10,202046,148130.0,146497.0,False,False,2716,1833.5246100000002,2020-11-10,0.0191,52,221,city,SP,45,0
Botucatu,3507506.0,2020-11-11,202046,148130.0,146497.0,False,False,2730,1842.97576,2020-11-11,0.019,52,222,city,SP,14,0
Botucatu,3507506.0,2020-11-12,202046,148130.0,146497.0,False,False,2735,1846.35118,2020-11-12,0.019,52,223,city,SP,5,0
Botucatu,3507506.0,2020-11-13,202046,148130.0,146497.0,False,False,2749,1855.80234,2020-11-13,0.0189,52,224,city,SP,14,0
Botucatu,3507506.0,2020-11-14,202046,148130.0,146497.0,False,False,2750,1856.47742,2020-11-14,0.0189,52,225,city,SP,1,0
Botucatu,3507506.0,2020-11-15,202047,148130.0,146497.0,False,False,2750,1856.47742,2020-11-15,0.0189,52,226,city,SP,0,0
Botucatu,3507506.0,2020-11-16,202047,148130.0,146497.0,False,False,2751,1857.1525,2020-11-16,0.0189,52,227,city,SP,1,0
Botucatu,3507506.0,2020-11-17,202047,148130.0,146497.0,False,False,2793,1885.50597,2020-11-17,0.0186,52,228,city,SP,42,0
Botucatu,3507506.0,2020-11-18,202047,148130.0,146497.0,False,False,2833,1912.50928,2020-11-18,0.0184,52,229,city,SP,40,0
Botucatu,3507506.0,2020-11-19,202047,148130.0,146497.0,False,False,2849,1923.3106100000002,2020-11-19,0.0183,52,230,city,SP,16,0
Botucatu,3507506.0,2020-11-20,202047,148130.0,146497.0,False,True,2849,1923.3106100000002,2020-11-19,0.0183,52,231,city,SP,0,0
Botucatu,3507506.0,2020-11-21,202047,148130.0,146497.0,False,False,2917,1969.21623,2020-11-21,0.0178,52,232,city,SP,68,0
Botucatu,3507506.0,2020-11-22,202048,148130.0,146497.0,False,False,2943,1986.76838,2020-11-22,0.0177,52,233,city,SP,26,0
Botucatu,3507506.0,2020-11-23,202048,148130.0,146497.0,False,False,2944,1987.4434600000002,2020-11-23,0.0177,52,234,city,SP,1,0
Botucatu,3507506.0,2020-11-24,202048,148130.0,146497.0,False,False,2984,2014.44677,2020-11-24,0.0174,52,235,city,SP,40,0
Botucatu,3507506.0,2020-11-25,202048,148130.0,146497.0,False,False,3009,2031.3238399999998,2020-11-25,0.0173,52,236,city,SP,25,0
Botucatu,3507506.0,2020-11-26,202048,148130.0,146497.0,False,False,3024,2041.45008,2020-11-26,0.0172,52,237,city,SP,15,0
Botucatu,3507506.0,2020-11-27,202048,148130.0,146497.0,False,False,3026,2042.8002399999998,2020-11-27,0.0172,52,238,city,SP,2,0
Botucatu,3507506.0,2020-11-28,202048,148130.0,146497.0,False,False,3030,2045.50057,2020-11-28,0.0172,52,239,city,SP,4,0
Botucatu,3507506.0,2020-11-29,202049,148130.0,146497.0,False,False,3030,2045.50057,2020-11-29,0.0172,52,240,city,SP,0,0
Botucatu,3507506.0,2020-11-30,202049,148130.0,146497.0,False,False,3030,2045.50057,2020-11-30,0.0172,52,241,city,SP,0,0
Botucatu,3507506.0,2020-12-01,202049,148130.0,146497.0,False,False,3093,2088.03078,2020-12-01,0.0171,53,242,city,SP,63,1
Botucatu,3507506.0,2020-12-02,202049,148130.0,146497.0,False,False,3123,2108.28326,2020-12-02,0.017,53,243,city,SP,30,0
Botucatu,3507506.0,2020-12-03,202049,148130.0,146497.0,False,False,3180,2146.76298,2020-12-03,0.017,54,244,city,SP,57,1
Botucatu,3507506.0,2020-12-04,202049,148130.0,146497.0,False,False,3215,2170.3908699999997,2020-12-04,0.0168,54,245,city,SP,35,0
Botucatu,3507506.0,2020-12-05,202049,148130.0,146497.0,False,False,3276,2211.57092,2020-12-05,0.0165,54,246,city,SP,61,0
Botucatu,3507506.0,2020-12-06,202050,148130.0,146497.0,False,False,3280,2214.27125,2020-12-06,0.0168,55,247,city,SP,4,1
Botucatu,3507506.0,2020-12-07,202050,148130.0,146497.0,False,False,3310,2234.52373,2020-12-07,0.0166,55,248,city,SP,30,0
Botucatu,3507506.0,2020-12-08,202050,148130.0,146497.0,False,False,3309,2233.84865,2020-12-08,0.0166,55,249,city,SP,-1,0
Botucatu,3507506.0,2020-12-09,202050,148130.0,146497.0,False,False,3354,2264.22737,2020-12-09,0.0164,55,250,city,SP,45,0
Botucatu,3507506.0,2020-12-10,202050,148130.0,146497.0,False,False,3442,2323.63465,2020-12-10,0.016,55,251,city,SP,88,0
Botucatu,3507506.0,2020-12-11,202050,148130.0,146497.0,False,False,3456,2333.0858,2020-12-11,0.0159,55,252,city,SP,14,0
Botucatu,3507506.0,2020-12-12,202050,148130.0,146497.0,False,False,3488,2354.68845,2020-12-12,0.0161,56,253,city,SP,32,1
Botucatu,3507506.0,2020-12-13,202051,148130.0,146497.0,False,False,3488,2354.68845,2020-12-13,0.0161,56,254,city,SP,0,0
Botucatu,3507506.0,2020-12-14,202051,148130.0,146497.0,False,False,3489,2355.36353,2020-12-14,0.0161,56,255,city,SP,1,0
Botucatu,3507506.0,2020-12-15,202051,148130.0,146497.0,False,False,3495,2359.41403,2020-12-15,0.016,56,256,city,SP,6,0
Botucatu,3507506.0,2020-12-16,202051,148130.0,146497.0,False,True,3495,2359.41403,2020-12-15,0.016,56,257,city,SP,0,0
Botucatu,3507506.0,2020-12-17,202051,148130.0,146497.0,False,False,3602,2431.64788,2020-12-17,0.0155,56,258,city,SP,107,0
Botucatu,3507506.0,2020-12-18,202051,148130.0,146497.0,False,False,3627,2448.52494,2020-12-18,0.0154,56,259,city,SP,25,0
Botucatu,3507506.0,2020-12-19,202051,148130.0,146497.0,False,False,3705,2501.1813899999997,2020-12-19,0.0151,56,260,city,SP,78,0
Botucatu,3507506.0,2020-12-20,202052,148130.0,146497.0,False,False,3705,2501.1813899999997,2020-12-20,0.0151,56,261,city,SP,0,0
Botucatu,3507506.0,2020-12-21,202052,148130.0,146497.0,False,False,3705,2501.1813899999997,2020-12-21,0.0151,56,262,city,SP,0,0
Botucatu,3507506.0,2020-12-22,202052,148130.0,146497.0,False,False,3767,2543.03652,2020-12-22,0.0149,56,263,city,SP,62,0
Botucatu,3507506.0,2020-12-23,202052,148130.0,146497.0,False,False,3796,2562.61392,2020-12-23,0.015,57,264,city,SP,29,1
Botucatu,3507506.0,2020-12-24,202052,148130.0,146497.0,False,False,3846,2596.3680600000002,2020-12-24,0.0148,57,265,city,SP,50,0
Botucatu,3507506.0,2020-12-25,202052,148130.0,146497.0,False,False,3866,2609.86971,2020-12-25,0.0147,57,266,city,SP,20,0
Botucatu,3507506.0,2020-12-26,202052,148130.0,146497.0,False,False,3869,2611.89496,2020-12-26,0.0147,57,267,city,SP,3,0
Botucatu,3507506.0,2020-12-27,202053,148130.0,146497.0,False,False,3870,2612.57004,2020-12-27,0.0147,57,268,city,SP,1,0
Botucatu,3507506.0,2020-12-28,202053,148130.0,146497.0,False,False,3871,2613.24512,2020-12-28,0.0147,57,269,city,SP,1,0
Botucatu,3507506.0,2020-12-29,202053,148130.0,146497.0,False,False,3935,2656.45042,2020-12-29,0.0147,58,270,city,SP,64,1
Botucatu,3507506.0,2020-12-30,202053,148130.0,146497.0,False,True,3935,2656.45042,2020-12-29,0.0147,58,271,city,SP,0,0
Botucatu,3507506.0,2020-12-31,202053,148130.0,146497.0,False,False,4051,2734.76001,2020-12-31,0.0143,58,272,city,SP,116,0
Botucatu,3507506.0,2021-01-01,202053,148130.0,146497.0,False,True,4051,2734.76001,2020-12-31,0.0143,58,273,city,SP,0,0
Botucatu,3507506.0,2021-01-02,202053,148130.0,146497.0,False,False,4061,2741.51084,2021-01-02,0.0143,58,274,city,SP,10,0
Botucatu,3507506.0,2021-01-03,202101,148130.0,146497.0,False,False,4061,2741.51084,2021-01-03,0.0143,58,275,city,SP,0,0
Botucatu,3507506.0,2021-01-04,202101,148130.0,146497.0,False,False,4062,2742.18592,2021-01-04,0.0143,58,276,city,SP,1,0
Botucatu,3507506.0,2021-01-05,202101,148130.0,146497.0,False,False,4166,2812.39452,2021-01-05,0.0139,58,277,city,SP,104,0
Botucatu,3507506.0,2021-01-06,202101,148130.0,146497.0,False,False,4252,2870.45163,2021-01-06,0.0139,59,278,city,SP,86,1
Botucatu,3507506.0,2021-01-07,202101,148130.0,146497.0,False,False,4378,2955.51205,2021-01-07,0.0137,60,279,city,SP,126,1
Botucatu,3507506.0,2021-01-08,202101,148130.0,146497.0,False,False,4440,2997.36718,2021-01-08,0.0137,61,280,city,SP,62,1
Botucatu,3507506.0,2021-01-09,202101,148130.0,146497.0,False,False,4500,3037.87214,2021-01-09,0.0136,61,281,city,SP,60,0
Botucatu,3507506.0,2021-01-10,202102,148130.0,146497.0,False,False,4502,3039.2223,2021-01-10,0.0135,61,282,city,SP,2,0
Botucatu,3507506.0,2021-01-11,202102,148130.0,146497.0,False,False,4552,3072.97644,2021-01-11,0.0138,63,283,city,SP,50,2
Botucatu,3507506.0,2021-01-12,202102,148130.0,146497.0,False,False,4574,3087.8282600000002,2021-01-12,0.014,64,284,city,SP,22,1
Botucatu,3507506.0,2021-01-13,202102,148130.0,146497.0,False,False,4698,3171.5385100000003,2021-01-13,0.014,66,285,city,SP,124,2
Botucatu,3507506.0,2021-01-14,202102,148130.0,146497.0,False,False,4840,3267.4002600000003,2021-01-14,0.0138,67,286,city,SP,142,1
Botucatu,3507506.0,2021-01-15,202102,148130.0,146497.0,False,False,4965,3351.78559,2021-01-15,0.0135,67,287,city,SP,125,0
Botucatu,3507506.0,2021-01-16,202102,148130.0,146497.0,False,False,5024,3391.61547,2021-01-16,0.0135,68,288,city,SP,59,1
Botucatu,3507506.0,2021-01-17,202103,148130.0,146497.0,False,False,5112,3451.02275,2021-01-17,0.0133,68,289,city,SP,88,0
Botucatu,3507506.0,2021-01-18,202103,148130.0,146497.0,False,False,5118,3455.07325,2021-01-18,0.0133,68,290,city,SP,6,0
Botucatu,3507506.0,2021-01-19,202103,148130.0,146497.0,False,False,5117,3454.39816,2021-01-19,0.0133,68,291,city,SP,-1,0
Botucatu,3507506.0,2021-01-20,202103,148130.0,146497.0,False,False,5201,3511.10511,2021-01-20,0.0131,68,292,city,SP,84,0
Botucatu,3507506.0,2021-01-21,202103,148130.0,146497.0,False,False,5249,3543.50908,2021-01-21,0.0131,69,293,city,SP,48,1
Botucatu,3507506.0,2021-01-22,202103,148130.0,146497.0,False,False,5291,3571.86255,2021-01-22,0.0132,70,294,city,SP,42,1
Botucatu,3507506.0,2021-01-23,202103,148130.0,146497.0,False,False,5323,3593.4652,2021-01-23,0.0132,70,295,city,SP,32,0
Botucatu,3507506.0,2021-01-24,202104,148130.0,146497.0,False,False,5416,3656.2478899999996,2021-01-24,0.0129,70,296,city,SP,93,0
Botucatu,3507506.0,2021-01-25,202104,148130.0,146497.0,False,False,5416,3656.2478899999996,2021-01-25,0.0129,70,297,city,SP,0,0
Botucatu,3507506.0,2021-01-26,202104,148130.0,146497.0,False,False,5554,3749.4093,2021-01-26,0.0128,71,298,city,SP,138,1
Botucatu,3507506.0,2021-01-27,202104,148130.0,146497.0,False,False,5653,3816.2424899999996,2021-01-27,0.0127,72,299,city,SP,99,1
Botucatu,3507506.0,2021-01-28,202104,148130.0,146497.0,False,False,5717,3859.4477799999995,2021-01-28,0.0128,73,300,city,SP,64,1
Botucatu,3507506.0,2021-01-29,202104,148130.0,146497.0,False,False,5732,3869.5740200000005,2021-01-29,0.0131,75,301,city,SP,15,2
Botucatu,3507506.0,2021-01-30,202104,148130.0,146497.0,False,False,5892,3977.58725,2021-01-30,0.0127,75,302,city,SP,160,0
Botucatu,3507506.0,2021-01-31,202105,148130.0,146497.0,False,False,6045,4080.87491,2021-01-31,0.0124,75,303,city,SP,153,0
Botucatu,3507506.0,2021-02-01,202105,148130.0,146497.0,False,False,6046,4081.54999,2021-02-01,0.0124,75,304,city,SP,1,0
Botucatu,3507506.0,2021-02-02,202105,148130.0,146497.0,False,False,6230,4205.7652100000005,2021-02-02,0.0127,79,305,city,SP,184,4
Botucatu,3507506.0,2021-02-03,202105,148130.0,146497.0,False,False,6360,4293.52596,2021-02-03,0.0124,79,306,city,SP,130,0
Botucatu,3507506.0,2021-02-04,202105,148130.0,146497.0,False,False,6502,4389.3877,2021-02-04,0.0125,81,307,city,SP,142,2
Botucatu,3507506.0,2021-02-05,202105,148130.0,146497.0,False,False,6546,4419.09134,2021-02-05,0.0125,82,308,city,SP,44,1
Botucatu,3507506.0,2021-02-06,202105,148130.0,146497.0,False,False,6624,4471.747789999999,2021-02-06,0.0127,84,309,city,SP,78,2
Botucatu,3507506.0,2021-02-07,202106,148130.0,146497.0,False,False,6646,4486.59961,2021-02-07,0.0126,84,310,city,SP,22,0
Botucatu,3507506.0,2021-02-08,202106,148130.0,146497.0,False,False,6646,4486.59961,2021-02-08,0.0126,84,311,city,SP,0,0
Botucatu,3507506.0,2021-02-09,202106,148130.0,146497.0,False,False,6712,4531.155070000001,2021-02-09,0.0131,88,312,city,SP,66,4
Botucatu,3507506.0,2021-02-10,202106,148130.0,146497.0,False,False,6752,4558.15837,2021-02-10,0.013,88,313,city,SP,40,0
Botucatu,3507506.0,2021-02-11,202106,148130.0,146497.0,False,False,6797,4588.5371,2021-02-11,0.0129,88,314,city,SP,45,0
Botucatu,3507506.0,2021-02-12,202106,148130.0,146497.0,False,False,6935,4681.69851,2021-02-12,0.0131,91,315,city,SP,138,3
Botucatu,3507506.0,2021-02-13,202106,148130.0,146497.0,False,False,6948,4690.47458,2021-02-13,0.0131,91,316,city,SP,13,0
Botucatu,3507506.0,2021-02-14,202107,148130.0,146497.0,False,False,6948,4690.47458,2021-02-14,0.0131,91,317,city,SP,0,0
Botucatu,3507506.0,2021-02-15,202107,148130.0,146497.0,False,False,6951,4692.49983,2021-02-15,0.0131,91,318,city,SP,3,0
Botucatu,3507506.0,2021-02-16,202107,148130.0,146497.0,False,False,7091,4787.01141,2021-02-16,0.0131,93,319,city,SP,140,2
Botucatu,3507506.0,2021-02-17,202107,148130.0,146497.0,False,False,7101,4793.76224,2021-02-17,0.0131,93,320,city,SP,10,0
Botucatu,3507506.0,2021-02-18,202107,148130.0,146497.0,False,False,7179,4846.4186899999995,2021-02-18,0.0132,95,321,city,SP,78,2
Botucatu,3507506.0,2021-02-19,202107,148130.0,146497.0,False,False,7297,4926.07844,2021-02-19,0.0132,96,322,city,SP,118,1
Botucatu,3507506.0,2021-02-20,202107,148130.0,146497.0,False,False,7364,4971.3089899999995,2021-02-20,0.013,96,323,city,SP,67,0
Botucatu,3507506.0,2021-02-21,202108,148130.0,146497.0,False,False,7367,4973.3342299999995,2021-02-21,0.013,96,324,city,SP,3,0
Botucatu,3507506.0,2021-02-22,202108,148130.0,146497.0,False,False,7376,4979.409979999999,2021-02-22,0.013,96,325,city,SP,9,0
Botucatu,3507506.0,2021-02-23,202108,148130.0,146497.0,False,False,7530,5083.372710000001,2021-02-23,0.0131,99,326,city,SP,154,3
Botucatu,3507506.0,2021-02-24,202108,148130.0,146497.0,False,False,7564,5106.32552,2021-02-24,0.0132,100,327,city,SP,34,1
Botucatu,3507506.0,2021-02-25,202108,148130.0,146497.0,False,False,7677,5182.60987,2021-02-25,0.013,100,328,city,SP,113,0
Botucatu,3507506.0,2021-02-26,202108,148130.0,146497.0,False,False,7742,5226.49025,2021-02-26,0.0129,100,329,city,SP,65,0
Botucatu,3507506.0,2021-02-27,202108,148130.0,146497.0,False,False,7798,5264.2948799999995,2021-02-27,0.0133,104,330,city,SP,56,4
Botucatu,3507506.0,2021-02-28,202109,148130.0,146497.0,False,False,7848,5298.04901,2021-02-28,0.0133,104,331,city,SP,50,0
Botucatu,3507506.0,2021-03-01,202109,148130.0,146497.0,False,False,7854,5302.09951,2021-03-01,0.0132,104,332,city,SP,6,0
Botucatu,3507506.0,2021-03-02,202109,148130.0,146497.0,False,False,7914,5342.60447,2021-03-02,0.0134,106,333,city,SP,60,2
Botucatu,3507506.0,2021-03-03,202109,148130.0,146497.0,False,False,7920,5346.6549700000005,2021-03-03,0.0134,106,334,city,SP,6,0
Botucatu,3507506.0,2021-03-04,202109,148130.0,146497.0,False,False,8001,5401.33666,2021-03-04,0.0132,106,335,city,SP,81,0
Botucatu,3507506.0,2021-03-05,202109,148130.0,146497.0,False,False,8083,5456.69344,2021-03-05,0.0134,108,336,city,SP,82,2
Botucatu,3507506.0,2021-03-06,202109,148130.0,146497.0,False,False,8185,5525.55188,2021-03-06,0.0132,108,337,city,SP,102,0
Botucatu,3507506.0,2021-03-07,202110,148130.0,146497.0,False,False,8260,5576.18308,2021-03-07,0.0131,108,338,city,SP,75,0
Botucatu,3507506.0,2021-03-08,202110,148130.0,146497.0,False,False,8271,5583.60899,2021-03-08,0.0131,108,339,city,SP,11,0
Botucatu,3507506.0,2021-03-09,202110,148130.0,146497.0,False,False,8317,5614.6628,2021-03-09,0.013,108,340,city,SP,46,0
Botucatu,3507506.0,2021-03-10,202110,148130.0,146497.0,False,False,8385,5660.5684200000005,2021-03-10,0.0132,111,341,city,SP,68,3
Botucatu,3507506.0,2021-03-11,202110,148130.0,146497.0,False,False,8485,5728.07669,2021-03-11,0.0133,113,342,city,SP,100,2
Botucatu,3507506.0,2021-03-12,202110,148130.0,146497.0,False,False,8503,5740.22818,2021-03-12,0.0134,114,343,city,SP,18,1
Botucatu,3507506.0,2021-03-13,202110,148130.0,146497.0,False,False,8618,5817.86269,2021-03-13,0.0133,115,344,city,SP,115,1
Botucatu,3507506.0,2021-03-14,202111,148130.0,146497.0,False,False,8747,5904.94836,2021-03-14,0.0131,115,345,city,SP,129,0
Botucatu,3507506.0,2021-03-15,202111,148130.0,146497.0,False,False,8760,5913.724429999999,2021-03-15,0.0135,118,346,city,SP,13,3
Botucatu,3507506.0,2021-03-16,202111,148130.0,146497.0,False,False,8772,5921.82542,2021-03-16,0.0135,118,347,city,SP,12,0
Botucatu,3507506.0,2021-03-17,202111,148130.0,146497.0,False,False,8937,6033.21407,2021-03-17,0.0135,121,348,city,SP,165,3
Botucatu,3507506.0,2021-03-18,202111,148130.0,146497.0,False,False,9097,6141.2273,2021-03-18,0.0136,124,349,city,SP,160,3
Botucatu,3507506.0,2021-03-19,202111,148130.0,146497.0,False,False,9166,6187.80801,2021-03-19,0.0136,125,350,city,SP,69,1
Botucatu,3507506.0,2021-03-20,202111,148130.0,146497.0,False,False,9249,6243.839870000001,2021-03-20,0.0137,127,351,city,SP,83,2
Botucatu,3507506.0,2021-03-21,202112,148130.0,146497.0,False,False,9254,6247.215279999999,2021-03-21,0.0136,126,352,city,SP,5,-1
Botucatu,3507506.0,2021-03-22,202112,148130.0,146497.0,False,False,9258,6249.91561,2021-03-22,0.0136,126,353,city,SP,4,0
Botucatu,3507506.0,2021-03-23,202112,148130.0,146497.0,False,False,9342,6306.62256,2021-03-23,0.0141,132,354,city,SP,84,6
Botucatu,3507506.0,2021-03-24,202112,148130.0,146497.0,False,False,9431,6366.70492,2021-03-24,0.0141,133,355,city,SP,89,1
Botucatu,3507506.0,2021-03-25,202112,148130.0,146497.0,False,False,9440,6372.78067,2021-03-25,0.0141,133,356,city,SP,9,0
Botucatu,3507506.0,2021-03-26,202112,148130.0,146497.0,False,False,9630,6501.04638,2021-03-26,0.0148,143,357,city,SP,190,10
Botucatu,3507506.0,2021-03-27,202112,148130.0,146497.0,False,False,9769,6594.88287,2021-03-27,0.0149,146,358,city,SP,139,3
Botucatu,3507506.0,2021-03-28,202113,148130.0,146497.0,False,False,9773,6597.5832,2021-03-28,0.0149,146,359,city,SP,4,0
Botucatu,3507506.0,2021-03-29,202113,148130.0,146497.0,False,False,9776,6599.60845,2021-03-29,0.015,147,360,city,SP,3,1
Botucatu,3507506.0,2021-03-30,202113,148130.0,146497.0,False,False,9827,6634.037670000001,2021-03-30,0.0152,149,361,city,SP,51,2
Botucatu,3507506.0,2021-03-31,202113,148130.0,146497.0,False,False,9930,6703.57119,2021-03-31,0.0157,156,362,city,SP,103,7
Botucatu,3507506.0,2021-04-01,202113,148130.0,146497.0,False,False,10081,6805.50867,2021-04-01,0.0156,157,363,city,SP,151,1
Botucatu,3507506.0,2021-04-02,202113,148130.0,146497.0,False,False,10157,6856.81496,2021-04-02,0.0157,159,364,city,SP,76,2
Botucatu,3507506.0,2021-04-03,202113,148130.0,146497.0,False,False,10168,6864.2408700000005,2021-04-03,0.0156,159,365,city,SP,11,0
Botucatu,3507506.0,2021-04-04,202114,148130.0,146497.0,False,False,10171,6866.26612,2021-04-04,0.0156,159,366,city,SP,3,0
Botucatu,3507506.0,2021-04-05,202114,148130.0,146497.0,False,False,10181,6873.01694,2021-04-05,0.0156,159,367,city,SP,10,0
Botucatu,3507506.0,2021-04-06,202114,148130.0,146497.0,False,False,10294,6949.30129,2021-04-06,0.0157,162,368,city,SP,113,3
Botucatu,3507506.0,2021-04-07,202114,148130.0,146497.0,False,False,10369,6999.93249,2021-04-07,0.0157,163,369,city,SP,75,1
Botucatu,3507506.0,2021-04-08,202114,148130.0,146497.0,False,False,10506,7092.41882,2021-04-08,0.0157,165,370,city,SP,137,2
Botucatu,3507506.0,2021-04-09,202114,148130.0,146497.0,False,False,10533,7110.64605,2021-04-09,0.0158,166,371,city,SP,27,1
Botucatu,3507506.0,2021-04-10,202114,148130.0,146497.0,False,False,10576,7139.674609999999,2021-04-10,0.016,169,372,city,SP,43,3
Botucatu,3507506.0,2021-04-11,202115,148130.0,146497.0,False,False,10629,7175.453990000001,2021-04-11,0.0161,171,373,city,SP,53,2
Botucatu,3507506.0,2021-04-12,202115,148130.0,146497.0,False,False,10633,7178.154320000001,2021-04-12,0.0164,174,374,city,SP,4,3
Botucatu,3507506.0,2021-04-13,202115,148130.0,146497.0,False,False,10646,7186.9304,2021-04-13,0.0164,175,375,city,SP,13,1
Botucatu,3507506.0,2021-04-14,202115,148130.0,146497.0,False,False,10660,7196.38156,2021-04-14,0.0166,177,376,city,SP,14,2
Botucatu,3507506.0,2021-04-15,202115,148130.0,146497.0,False,False,10669,7202.4573,2021-04-15,0.0166,177,377,city,SP,9,0
Botucatu,3507506.0,2021-04-16,202115,148130.0,146497.0,False,False,10678,7208.53305,2021-04-16,0.0169,180,378,city,SP,9,3
Botucatu,3507506.0,2021-04-17,202115,148130.0,146497.0,False,False,10689,7215.95895,2021-04-17,0.0171,183,379,city,SP,11,3
Botucatu,3507506.0,2021-04-18,202116,148130.0,146497.0,False,False,10697,7221.35962,2021-04-18,0.0171,183,380,city,SP,8,0
Botucatu,3507506.0,2021-04-19,202116,148130.0,146497.0,False,False,10699,7222.70978,2021-04-19,0.0171,183,381,city,SP,2,0
Botucatu,3507506.0,2021-04-20,202116,148130.0,146497.0,False,False,10715,7233.5111099999995,2021-04-20,0.0176,189,382,city,SP,16,6
Botucatu,3507506.0,2021-04-21,202116,148130.0,146497.0,False,False,10738,7249.038009999999,2021-04-21,0.0178,191,383,city,SP,23,2
Botucatu,3507506.0,2021-04-22,202116,148130.0,146497.0,False,False,10754,7259.83933,2021-04-22,0.0179,192,384,city,SP,16,1
Botucatu,3507506.0,2021-04-23,202116,148130.0,146497.0,False,False,10778,7276.04132,2021-04-23,0.0179,193,385,city,SP,24,1
Botucatu,3507506.0,2021-04-24,202116,148130.0,146497.0,False,True,10778,7276.04132,2021-04-23,0.0179,193,386,city,SP,0,0
Botucatu,3507506.0,2021-04-25,202117,148130.0,146497.0,False,False,10803,7292.91838,2021-04-25,0.018,194,387,city,SP,25,1
Botucatu,3507506.0,2021-04-26,202117,148130.0,146497.0,False,False,10808,7296.2938,2021-04-26,0.0179,194,388,city,SP,5,0
Botucatu,3507506.0,2021-04-27,202117,148130.0,146497.0,False,False,10845,7321.27186,2021-04-27,0.0182,197,389,city,SP,37,3
Botucatu,3507506.0,2021-04-28,202117,148130.0,146497.0,False,False,10879,7344.2246700000005,2021-04-28,0.0183,199,390,city,SP,34,2
Botucatu,3507506.0,2021-04-29,202117,148130.0,146497.0,False,False,10904,7361.101729999999,2021-04-29,0.0187,204,391,city,SP,25,5
Botucatu,3507506.0,2021-04-30,202117,148130.0,146497.0,False,False,10939,7384.72963,2021-04-30,0.0186,204,392,city,SP,35,0
Botucatu,3507506.0,2021-05-01,202117,148130.0,146497.0,False,True,10939,7384.72963,2021-04-30,0.0186,204,393,city,SP,0,0
Botucatu,3507506.0,2021-05-02,202118,148130.0,146497.0,False,False,10960,7398.906370000001,2021-05-02,0.0187,205,394,city,SP,21,1
Botucatu,3507506.0,2021-05-03,202118,148130.0,146497.0,False,False,10968,7404.30703,2021-05-03,0.0187,205,395,city,SP,8,0
Botucatu,3507506.0,2021-05-04,202118,148130.0,146497.0,False,False,11035,7449.53757,2021-05-04,0.0188,207,396,city,SP,67,2
Botucatu,3507506.0,2021-05-05,202118,148130.0,146497.0,False,False,11071,7473.84055,2021-05-05,0.0188,208,397,city,SP,36,1
Botucatu,3507506.0,2021-05-06,202118,148130.0,146497.0,False,False,11125,7510.29501,2021-05-06,0.0189,210,398,city,SP,54,2
Botucatu,3507506.0,2021-05-07,202118,148130.0,146497.0,False,False,11163,7535.94815,2021-05-07,0.0188,210,399,city,SP,38,0
Botucatu,3507506.0,2021-05-08,202118,148130.0,146497.0,False,False,11204,7563.62654,2021-05-08,0.0188,211,400,city,SP,41,1
Botucatu,3507506.0,2021-05-09,202119,148130.0,146497.0,False,False,11214,7570.37737,2021-05-09,0.0188,211,401,city,SP,10,0
Botucatu,3507506.0,2021-05-10,202119,148130.0,146497.0,False,False,11237,7585.90427,2021-05-10,0.0188,211,402,city,SP,23,0
Botucatu,3507506.0,2021-05-11,202119,148130.0,146497.0,False,False,11306,7632.484979999999,2021-05-11,0.0187,211,403,city,SP,69,0
Botucatu,3507506.0,2021-05-12,202119,148130.0,146497.0,False,False,11333,7650.71221,2021-05-12,0.0186,211,404,city,SP,27,0
Botucatu,3507506.0,2021-05-13,202119,148130.0,146497.0,False,False,11419,7708.76932,2021-05-13,0.0185,211,405,city,SP,86,0
Botucatu,3507506.0,2021-05-14,202119,148130.0,146497.0,False,False,11492,7758.050359999999,2021-05-14,0.0184,211,406,city,SP,73,0
Botucatu,3507506.0,2021-05-15,202119,148130.0,146497.0,False,False,11533,7785.72875,2021-05-15,0.0183,211,407,city,SP,41,0
Botucatu,3507506.0,2021-05-16,202120,148130.0,146497.0,False,True,11533,7785.72875,2021-05-15,0.0183,211,408,city,SP,0,0
Botucatu,3507506.0,2021-05-17,202120,148130.0,146497.0,False,False,11570,7810.70681,2021-05-17,0.0182,211,409,city,SP,37,0
Botucatu,3507506.0,2021-05-18,202120,148130.0,146497.0,False,False,11612,7839.06028,2021-05-18,0.0183,213,410,city,SP,42,2
Botucatu,3507506.0,2021-05-19,202120,148130.0,146497.0,False,False,11663,7873.4895,2021-05-19,0.0184,215,411,city,SP,51,2
Botucatu,3507506.0,2021-05-20,202120,148130.0,146497.0,False,False,11716,7909.26889,2021-05-20,0.0185,217,412,city,SP,53,2
Botucatu,3507506.0,2021-05-21,202120,148130.0,146497.0,False,False,11754,7934.92203,2021-05-21,0.0185,218,413,city,SP,38,1
Botucatu,3507506.0,2021-05-22,202120,148130.0,146497.0,False,False,11799,7965.30075,2021-05-22,0.0186,219,414,city,SP,45,1
Botucatu,3507506.0,2021-05-23,202121,148130.0,146497.0,False,False,11809,7972.051579999999,2021-05-23,0.0185,219,415,city,SP,10,0
Botucatu,3507506.0,2021-05-24,202121,148130.0,146497.0,False,False,11816,7976.77716,2021-05-24,0.0186,220,416,city,SP,7,1
Botucatu,3507506.0,2021-05-25,202121,148130.0,146497.0,False,False,11898,8032.133940000001,2021-05-25,0.0186,221,417,city,SP,82,1
Botucatu,3507506.0,2021-05-26,202121,148130.0,146497.0,False,False,11946,8064.537909999999,2021-05-26,0.0188,224,418,city,SP,48,3
Botucatu,3507506.0,2021-05-27,202121,148130.0,146497.0,False,False,12009,8107.06812,2021-05-27,0.0188,226,419,city,SP,63,2
Botucatu,3507506.0,2021-05-28,202121,148130.0,146497.0,False,False,12008,8106.393029999999,2021-05-28,0.0187,224,420,city,SP,-1,-2
Botucatu,3507506.0,2021-05-29,202121,148130.0,146497.0,False,False,12049,8134.07142,2021-05-29,0.019,229,421,city,SP,41,5
Botucatu,3507506.0,2021-05-30,202122,148130.0,146497.0,False,False,12069,8147.57308,2021-05-30,0.019,229,422,city,SP,20,0
Botucatu,3507506.0,2021-05-31,202122,148130.0,146497.0,False,False,12086,8159.04948,2021-05-31,0.0189,229,423,city,SP,17,0
Botucatu,3507506.0,2021-06-01,202122,148130.0,146497.0,False,True,12086,8159.04948,2021-05-31,0.0189,229,424,city,SP,0,0
Botucatu,3507506.0,2021-06-02,202122,148130.0,146497.0,False,False,12225,8252.88598,2021-06-02,0.0191,233,425,city,SP,139,4
Botucatu,3507506.0,2021-06-03,202122,148130.0,146497.0,False,False,12293,8298.7916,2021-06-03,0.0191,235,426,city,SP,68,2
Botucatu,3507506.0,2021-06-04,202122,148130.0,146497.0,False,False,12297,8301.49193,2021-06-04,0.0191,235,427,city,SP,4,0
Botucatu,3507506.0,2021-06-05,202122,148130.0,146497.0,False,False,12319,8316.34375,2021-06-05,0.0192,237,428,city,SP,22,2
Botucatu,3507506.0,2021-06-06,202123,148130.0,146497.0,False,False,12327,8321.74441,2021-06-06,0.0192,237,429,city,SP,8,0
Botucatu,3507506.0,2021-06-07,202123,148130.0,146497.0,False,False,12333,8325.794909999999,2021-06-07,0.0192,237,430,city,SP,6,0
Botucatu,3507506.0,2021-06-08,202123,148130.0,146497.0,False,False,12357,8341.99689,2021-06-08,0.0196,242,431,city,SP,24,5
Botucatu,3507506.0,2021-06-09,202123,148130.0,146497.0,False,False,12366,8348.07264,2021-06-09,0.0199,246,432,city,SP,9,4
Botucatu,3507506.0,2021-06-10,202123,148130.0,146497.0,False,False,12425,8387.90252,2021-06-10,0.02,249,433,city,SP,59,3
Botucatu,3507506.0,2021-06-11,202123,148130.0,146497.0,False,False,12554,8474.98819,2021-06-11,0.0199,250,434,city,SP,129,1
Botucatu,3507506.0,2021-06-12,202123,148130.0,146497.0,False,False,12655,8543.171540000001,2021-06-12,0.0199,252,435,city,SP,101,2
Botucatu,3507506.0,2021-06-13,202124,148130.0,146497.0,False,False,12665,8549.92237,2021-06-13,0.0199,252,436,city,SP,10,0
Botucatu,3507506.0,2021-06-14,202124,148130.0,146497.0,False,True,12665,8549.92237,2021-06-13,0.0199,252,437,city,SP,0,0
Botucatu,3507506.0,2021-06-15,202124,148130.0,146497.0,False,False,12767,8618.7808,2021-06-15,0.0199,254,438,city,SP,102,2
Botucatu,3507506.0,2021-06-16,202124,148130.0,146497.0,False,False,12941,8736.245190000001,2021-06-16,0.0196,254,439,city,SP,174,0
Botucatu,3507506.0,2021-06-17,202124,148130.0,146497.0,False,True,12941,8736.245190000001,2021-06-16,0.0196,254,440,city,SP,0,0
Botucatu,3507506.0,2021-06-18,202124,148130.0,146497.0,False,False,13121,8857.76008,2021-06-18,0.0197,259,441,city,SP,180,5
Botucatu,3507506.0,2021-06-19,202124,148130.0,146497.0,False,False,13195,8907.7162,2021-06-19,0.0197,260,442,city,SP,74,1
Botucatu,3507506.0,2021-06-20,202125,148130.0,146497.0,False,False,13207,8915.81719,2021-06-20,0.0197,260,443,city,SP,12,0
Botucatu,3507506.0,2021-06-21,202125,148130.0,146497.0,False,False,13216,8921.89293,2021-06-21,0.0197,260,444,city,SP,9,0
Botucatu,3507506.0,2021-06-22,202125,148130.0,146497.0,False,False,13330,8998.852359999999,2021-06-22,0.0197,262,445,city,SP,114,2
Botucatu,3507506.0,2021-06-23,202125,148130.0,146497.0,False,False,13407,9050.83373,2021-06-23,0.0197,264,446,city,SP,77,2
Botucatu,3507506.0,2021-06-24,202125,148130.0,146497.0,False,False,13433,9068.38588,2021-06-24,0.0197,265,447,city,SP,26,1
Botucatu,3507506.0,2021-06-25,202125,148130.0,146497.0,False,False,13782,9303.98974,2021-06-25,0.0192,265,448,city,SP,349,0
Botucatu,3507506.0,2021-06-26,202125,148130.0,146497.0,False,False,14302,9655.03274,2021-06-26,0.0187,268,449,city,SP,520,3
Botucatu,3507506.0,2021-06-27,202126,148130.0,146497.0,True,False,14310,9660.4334,2021-06-27,0.0187,268,450,city,SP,8,0
Botucatu,3507506.0,2021-06-28,202126,148130.0,146497.0,False,True,14310,9660.4334,2021-06-27,0.0187,268,451,city,SP,0,0
