nome_munic,porcentagem_vacinada,doses_aplicadas,populacao,datahora,latitude,longitude,casos,obitos,casos_pc,obitos_pc
BOTUCATU,0.817693918,121125,148130,2021-06-30,-22.8837,-48.4437,15154,271,10737.2373968186,192.014737662522
SERRANA,0.75698887,34552,45644,2021-06-30,-21.2043,-47.5952,4249,89,9562.49718683891,200.29706981140598
TURMALINA,0.699882075,1187,1696,2021-06-30,-20.0486,-50.4792,169,4,9362.88088642659,221.606648199446
FLORA RICA,0.6685314689999999,956,1430,2021-06-30,-21.6727,-51.3821,121,4,7614.852108244179,251.730648206419
URU,0.66782307,770,1153,2021-06-30,-21.7866,-49.2848,156,3,12924.6064623032,248.550124275062
BORÁ,0.6575179,551,838,2021-06-30,-22.2696,-50.5409,117,1,14408.866995073899,123.15270935960599
SANTANA DA PONTE PENSA,0.644171779,945,1467,2021-06-30,-20.2523,-50.8014,45,2,2982.10735586481,132.538104705103
ARCO-ÍRIS,0.643542019,1141,1773,2021-06-30,-21.7728,-50.466,143,8,7874.44933920705,440.52863436123397
NOVA CANAÃ PAULISTA,0.6387688979999999,1183,1852,2021-06-30,-20.3836,-50.9483,246,4,12700.0516262261,206.50490449148202
ADOLFO,0.633933596,2253,3554,2021-06-30,-21.2325,-49.6451,527,14,15288.6568030171,406.150275601973
ÁGUAS DE SÃO PEDRO,0.61971031,2182,3521,2021-06-30,-22.5977,-47.8734,322,7,10313.9013452915,224.215246636771
SANTA RITA D'OESTE,0.618415762,1538,2487,2021-06-30,-20.1414,-50.8358,265,7,11023.2945091514,291.181364392679
ASPÁSIA,0.602860286,1096,1818,2021-06-30,-20.16,-50.728,182,5,10311.6147308782,283.28611898017
FLOREAL,0.602758621,1748,2900,2021-06-30,-20.6752,-50.1513,200,6,7002.80112044818,210.084033613445
SÃO JOÃO DO PAU D'ALHO,0.6,1260,2100,2021-06-30,-21.2662,-51.6672,155,0,7808.564231738041,0.0
APARECIDA D'OESTE,0.598364598,2488,4158,2021-06-30,-20.4487,-50.8835,722,13,17473.3785091965,314.617618586641
PEDRANÓPOLIS,0.596533656,1480,2481,2021-06-30,-20.2474,-50.1129,223,5,9207.26672171759,206.440957886045
DOLCINÓPOLIS,0.590435606,1247,2112,2021-06-30,-20.124,-50.5149,197,6,9656.86274509804,294.117647058824
FLORÍNEA,0.588767433,1562,2653,2021-06-30,-22.868,-50.6814,337,9,12467.6285608583,332.963374028857
INDIAPORÃ,0.585692229,2276,3886,2021-06-30,-19.979,-50.2909,317,9,8225.22055007784,233.52361183186298
SANTA SALETE,0.585051546,908,1552,2021-06-30,-20.2429,-50.6887,176,4,12222.222222222199,277.777777777778
ÁLVARES FLORENCE,0.583219084,2127,3647,2021-06-30,-20.3203,-49.9141,469,14,12952.2231427782,386.633526650097
SÃO FRANCISCO,0.581469649,1638,2817,2021-06-30,-20.3623,-50.6952,223,9,8330.220395965629,336.197235711617
ALFREDO MARCONDES,0.574330784,2403,4184,2021-06-30,-21.9527,-51.414,245,10,6238.85918003565,254.64731347084302
PARISI,0.573997234,1245,2169,2021-06-30,-20.3034,-50.0163,388,15,18889.970788705,730.282375851996
CRUZÁLIA,0.573802542,1174,2046,2021-06-30,-22.7373,-50.7909,152,4,7179.971658006609,188.94662257912103
OSCAR BRESSANE,0.5716480979999999,1488,2603,2021-06-30,-22.3149,-50.2811,273,7,10859.188544152701,278.440731901352
PRESIDENTE BERNARDES,0.569377256,7415,13023,2021-06-30,-22.0082,-51.5565,1199,33,8739.06705539359,240.52478134110802
DIVINOLÂNDIA,0.567382284,6290,11086,2021-06-30,-21.6637,-46.7361,1239,46,11381.5910343561,422.56108763549497
NEVES PAULISTA,0.566289365,5053,8923,2021-06-30,-20.843,-49.6358,1292,38,14988.3990719258,440.83526682134595
GUARANI D'OESTE,0.564064064,1127,1998,2021-06-30,-20.0746,-50.3411,174,4,9053.06971904266,208.116545265349
POPULINA,0.55756262,2315,4152,2021-06-30,-19.9453,-50.538,210,5,5256.57071339174,125.156445556946
DIRCE REIS,0.557531962,1003,1799,2021-06-30,-20.4642,-50.6073,156,3,9085.61444379732,174.72335468840998
SANTA CLARA D'OESTE,0.5570279220000001,1177,2113,2021-06-30,-20.09,-50.9491,226,14,11266.2013958126,697.90628115653
SANTOS,0.5561528029999999,241179,433656,2021-06-30,-23.9535,-46.335,54594,1889,12734.6904500318,440.631392829068
RIBEIRÃO DOS ÍNDIOS,0.550359712,1224,2224,2021-06-30,-21.8382,-51.6103,69,5,3222.79308734236,233.535730966838
LOURDES,0.549130435,1263,2300,2021-06-30,-20.966,-50.2263,257,4,11778.1851512374,183.31805682859797
MARINÓPOLIS,0.547008547,1152,2106,2021-06-30,-20.4389,-50.8254,194,3,9251.31139723414,143.061516452074
COSMORAMA,0.546451082,3988,7298,2021-06-30,-20.4755,-49.7827,632,35,9032.44247534658,500.21437759039594
MACEDÔNIA,0.543336945,2006,3692,2021-06-30,-20.1444,-50.1973,349,19,9764.96922216004,531.617235590375
MESÓPOLIS,0.5422572179999999,1033,1905,2021-06-30,-19.9684,-50.6326,179,2,9455.890121500259,105.65240359218201
MIRA ESTRELA,0.541854475,1683,3106,2021-06-30,-19.9789,-50.139,319,11,10854.031983667901,374.276964954066
SANTA CRUZ DA CONCEIÇÃO,0.541153169,2459,4544,2021-06-30,-22.1405,-47.4512,593,13,13635.3184640147,298.919291791216
LAGOINHA,0.541010432,2645,4889,2021-06-30,-23.0846,-45.1944,193,7,4004.9802863664704,145.25835235526
MENDONÇA,0.539802336,3004,5565,2021-06-30,-21.1757,-49.5791,825,28,16359.3099345628,555.225064445766
RUBINÉIA,0.539432177,1710,3170,2021-06-30,-20.1759,-51.007,365,6,12211.441953830701,200.736032117765
JALES,0.538342717,26487,49201,2021-06-30,-20.2672,-50.5494,5798,196,12269.860752528899,414.779701189317
ÓLEO,0.538243626,1330,2471,2021-06-30,-22.9435,-49.3419,98,1,3878.1163434903,39.5726157499011
MAGDA,0.5341715020000001,1657,3102,2021-06-30,-20.6445,-50.2305,219,6,7091.9689119171,194.300518134715
NOVA GUATAPORANGA,0.5337634410000001,1241,2325,2021-06-30,-21.332,-51.6447,207,3,9447.74075764491,136.923779096303
CÂNDIDO RODRIGUES,0.532690247,1491,2799,2021-06-30,-21.3275,-48.6327,131,7,4899.02767389678,261.78010471204203
SANTA RITA DO PASSA QUATRO,0.532681159,14702,27600,2021-06-30,-21.7083,-47.478,1576,34,5973.09077127156,128.86109531931
ADAMANTINA,0.532653584,18702,35111,2021-06-30,-21.682,-51.0737,3322,104,9801.14474538266,306.838968549006
MONÇÕES,0.5319805910000001,1206,2267,2021-06-30,-20.8509,-50.0975,225,5,10344.827586206899,229.885057471264
PONGAÍ,0.531176471,1806,3400,2021-06-30,-21.7396,-49.3604,319,9,9519.546404058492,268.57654431513
SANTA ALBERTINA,0.528063766,3180,6022,2021-06-30,-20.0311,-50.7297,571,20,10066.995768688299,352.609308885755
TRÊS FRONTEIRAS,0.527949246,3079,5832,2021-06-30,-20.2344,-50.8905,714,26,12871.8226068145,468.72183162069604
TIMBURI,0.527149321,1398,2652,2021-06-30,-23.2057,-49.6096,118,4,4614.782948768089,156.433320297223
PALMEIRA D'OESTE,0.524981034,4844,9227,2021-06-30,-20.4148,-50.7632,665,13,7283.680175246441,142.387732749179
CÁSSIA DOS COQUEIROS,0.5241516970000001,1313,2505,2021-06-30,-21.2801,-47.1643,235,1,9418.8376753507,40.0801603206413
ILHA SOLTEIRA,0.523368673,14020,26788,2021-06-30,-20.4326,-51.3426,2420,86,9398.78825539848,334.006524778624
PEDRINHAS PAULISTA,0.522089649,1619,3101,2021-06-30,-22.8174,-50.7933,386,5,12823.9202657807,166.112956810631
FERNANDÓPOLIS,0.519884153,36081,69402,2021-06-30,-20.2806,-50.2471,9903,270,14979.1263310745,408.397870280736
TORRE DE PEDRA,0.519818332,1259,2422,2021-06-30,-23.2462,-48.1955,111,8,4784.482758620689,344.82758620689697
CEDRAL,0.518510593,4846,9346,2021-06-30,-20.9009,-49.2664,1120,24,12675.418741512,271.616115889543
GÁLIA,0.5175871639999999,3355,6482,2021-06-30,-22.2918,-49.5504,483,16,7359.4392808167,243.790949261009
MERIDIANO,0.516213389,1974,3824,2021-06-30,-20.3579,-50.1811,311,26,8317.73201390746,695.3730944102699
BARÃO DE ANTONINA,0.51572327,1804,3498,2021-06-30,-23.6284,-49.5634,407,8,12030.7419450192,236.476500147798
SANTA FÉ DO SUL,0.5156158829999999,16790,32563,2021-06-30,-20.2083,-50.932,4234,92,13744.9681859499,298.662511362161
CORONEL MACEDO,0.514994606,2387,4635,2021-06-30,-23.6261,-49.31,482,19,9952.50877555234,392.318810654553
DUARTINA,0.514678678,6399,12433,2021-06-30,-22.4146,-49.4084,905,25,7557.411273486429,208.768267223382
TUPÃ,0.514030807,33705,65570,2021-06-30,-21.9335,-50.5191,6302,228,10028.1654281304,362.808904730837
ROSANA,0.5128063389999999,8349,16281,2021-06-30,-22.5782,-53.0603,1167,39,6346.8755098711,212.106379507261
ITAOCA,0.512312312,1706,3330,2021-06-30,-24.6393,-48.8413,235,8,7376.0200878845,251.098556183302
GABRIEL MONTEIRO,0.5115273779999999,1420,2776,2021-06-30,-21.5294,-50.5573,258,6,9612.51862891207,223.54694485841998
DRACENA,0.5107880020000001,24029,47043,2021-06-30,-21.4843,-51.535,5049,224,11221.2468052006,497.833092565841
SÃO JOÃO DA BOA VISTA,0.508777283,46691,91771,2021-06-30,-21.9707,-46.7944,7491,241,8576.82619647355,275.9331348752
RIBEIRÃO DO SUL,0.5076007929999999,2304,4539,2021-06-30,-22.789,-49.933,615,10,14105.504587156001,229.357798165138
ILHA COMPRIDA,0.507305052,5764,11362,2021-06-30,-24.7307,-47.5383,1179,40,11451.048951048899,388.500388500389
TURIÚBA,0.5069306929999999,1024,2020,2021-06-30,-20.9428,-50.1135,174,4,9100.41841004184,209.20502092050202
FERNÃO,0.506658946,875,1727,2021-06-30,-22.3607,-49.5187,203,0,12310.491206792,0.0
MARAPOAMA,0.506201044,1551,3064,2021-06-30,-21.2587,-49.13,445,14,15313.1452167928,481.76187198898805
RIVERSUL,0.5059709720000001,2754,5443,2021-06-30,-23.829,-49.429,508,26,8904.46976336547,455.74057843996496
ESTRELA D'OESTE,0.505285663,4254,8419,2021-06-30,-20.2875,-50.4049,1231,25,15208.796639486001,308.870768470472
VITÓRIA BRASIL,0.503250271,929,1846,2021-06-30,-20.1956,-50.4875,205,7,11647.7272727273,397.72727272727303
URÂNIA,0.501754386,4576,9120,2021-06-30,-20.2455,-50.6455,1166,32,13540.819881546899,371.617698292881
CATANDUVA,0.501195948,61395,122497,2021-06-30,-21.1314,-48.977,12677,538,10815.9991809293,459.020869238776
GENERAL SALGADO,0.501104769,5443,10862,2021-06-30,-20.6485,-50.364,884,33,8302.02854996243,309.917355371901
SÃO CAETANO DO SUL,0.5010404,81147,161957,2021-06-30,-23.6229,-46.5548,17142,803,11334.003332363602,530.930152601095
VOTUPORANGA,0.499171369,47590,95338,2021-06-30,-20.4237,-49.9781,12946,392,14108.544027898899,427.20139494333
MONTE CASTELO,0.498319731,2076,4166,2021-06-30,-21.2981,-51.5679,544,15,13630.6690052618,375.84565271861703
PIRATININGA,0.497711587,6851,13765,2021-06-30,-22.4142,-49.1339,844,31,6387.64852796488,234.617422235677
ALTO ALEGRE,0.49755381600000004,2034,4088,2021-06-30,-21.5811,-50.168,350,20,8712.96987801842,497.88399302962404
RIFAINA,0.49642857100000004,1807,3640,2021-06-30,-20.0803,-47.4291,428,11,12341.4071510957,317.185697808535
ITAJOBI,0.49637183799999995,7593,15297,2021-06-30,-21.3123,-49.0629,2074,45,14191.8708088135,307.92390858081296
MURUTINGA DO SUL,0.496005326,2235,4506,2021-06-30,-20.9908,-51.2774,352,13,8222.377949077321,303.667367437515
NHANDEARA,0.495185217,5708,11527,2021-06-30,-20.6945,-50.0436,1224,42,11352.253756260401,389.538119087368
LUTÉCIA,0.49468892299999995,1304,2636,2021-06-30,-22.3384,-50.394,201,5,7668.828691339179,190.76688286913398
AREALVA,0.494252874,4257,8613,2021-06-30,-22.031,-48.9135,931,14,11359.199609565601,170.81503172279199
PONTES GESTAL,0.493985254,1273,2577,2021-06-30,-20.1727,-49.7064,334,8,13212.0253164557,316.455696202532
EMILIANÓPOLIS,0.49364735,1593,3227,2021-06-30,-21.8314,-51.4832,348,7,11342.894393741899,228.161668839635
BILAC,0.49353209299999995,4006,8117,2021-06-30,-21.404,-50.4746,856,13,10951.8935516888,166.32548618219
GUARAÇAÍ,0.493244873,4089,8290,2021-06-30,-21.0292,-51.2119,758,22,9010.936757013791,261.531145981931
PIQUEROBI,0.49283590200000005,1823,3699,2021-06-30,-21.8747,-51.7282,223,3,6308.3451202263095,84.8656294200849
VERA CRUZ,0.49256213600000004,5331,10823,2021-06-30,-22.2183,-49.8207,603,33,5729.76054732041,313.56898517673903
OCAUÇU,0.491959916,2111,4291,2021-06-30,-22.438,-49.922,353,4,8514.23058369513,96.47853352629039
LUCIANÓPOLIS,0.491885144,1182,2403,2021-06-30,-22.4294,-49.522,191,4,8447.589562140649,176.912870411322
SUD MENNUCCI,0.49068323,3792,7728,2021-06-30,-20.6872,-50.9238,860,13,11150.0064825619,168.54660962012198
ÁGUAS DE LINDÓIA,0.489951085,9215,18808,2021-06-30,-22.4733,-46.6314,1854,43,10090.345052792,234.026341569609
DOURADO,0.48896147799999995,4341,8878,2021-06-30,-22.1044,-48.3178,760,17,8960.15090780476,200.424428200896
BASTOS,0.488951463,10245,20953,2021-06-30,-21.921,-50.7357,1352,36,6659.77045465741,177.331165952416
PARANAPUÃ,0.488156288,1999,4095,2021-06-30,-20.1048,-50.5886,399,16,10251.7985611511,411.09969167523104
NATIVIDADE DA SERRA,0.487353207,3237,6642,2021-06-30,-23.3707,-45.4468,179,7,2672.4395341893105,104.50880859958201
PIRAJU,0.487194081,14552,29869,2021-06-30,-23.1981,-49.3803,1768,64,6187.443130118289,223.97984181423698
BADY BASSITT,0.48651539899999996,8641,17761,2021-06-30,-20.9197,-49.4385,3544,70,21703.7173127564,428.685161369343
SANTO ANTÔNIO DO JARDIM,0.48585858600000004,2886,5940,2021-06-30,-22.1121,-46.6845,492,18,8444.90216271885,308.95983522142103
BURITAMA,0.485793646,8395,17281,2021-06-30,-21.0661,-50.1475,2298,62,13846.7100506146,373.58399614364896
ÁGUAS DA PRATA,0.485464055,3991,8221,2021-06-30,-21.9319,-46.7176,570,22,7310.50404001539,282.159805053226
TANABI,0.485307076,12667,26101,2021-06-30,-20.6228,-49.6563,3983,90,15865.3654650468,358.49432383987295
SAGRES,0.485185185,1179,2430,2021-06-30,-21.8823,-50.9594,231,1,9779.84758679085,42.337002540220105
FERNANDO PRESTES,0.485157059,2811,5794,2021-06-30,-21.2661,-48.6874,824,9,14788.2268485284,161.52189519023702
SÃO JOSÉ DO RIO PRETO,0.485101606,225564,464983,2021-06-30,-20.8113,-49.3758,84094,2468,18774.1670461953,550.986328037792
POLONI,0.484704728,2963,6113,2021-06-30,-20.7829,-49.8258,715,14,12616.9048879478,247.04429151226398
SANTA MERCEDES,0.484539585,1426,2943,2021-06-30,-21.3495,-51.7564,174,4,6185.56701030928,142.196942765731
INDIANA,0.484115597,2362,4879,2021-06-30,-22.1738,-51.2555,225,9,4712.04188481675,188.48167539266998
ESTRELA DO NORTE,0.483754513,1340,2770,2021-06-30,-22.4859,-51.6632,327,4,12270.1688555347,150.093808630394
MONTE ALEGRE DO SUL,0.48354087,3922,8111,2021-06-30,-22.6817,-46.681,576,8,7433.21718931475,103.239127629372
SALES,0.483533635,3098,6407,2021-06-30,-21.3427,-49.4897,433,26,7157.02479338843,429.752066115703
PAULISTÂNIA,0.483097056,886,1834,2021-06-30,-22.5768,-49.4008,145,6,8196.721311475409,339.174674957603
TAPIRAÍ,0.4827453,3749,7766,2021-06-30,-23.9612,-47.5062,613,9,7962.072996493051,116.898298480322
MOCOCA,0.481052479,33183,68980,2021-06-30,-21.4647,-47.0024,5274,191,7900.7685047863,286.129462346262
ITABERÁ,0.478489703,8364,17480,2021-06-30,-23.8638,-49.14,2237,59,12700.124900647199,334.960826615192
SEBASTIANÓPOLIS DO SUL,0.47749015200000006,1697,3554,2021-06-30,-20.6523,-49.925,144,6,4372.912238080779,182.20467658669898
IPORANGA,0.477018338,2003,4199,2021-06-30,-24.5847,-48.5971,416,4,9439.528023598821,90.764692534604
DESCALVADO,0.476909466,16172,33910,2021-06-30,-21.9002,-47.6181,3377,60,10413.1976564909,185.01387604070302
SANTO ANTÔNIO DA ALEGRIA,0.476135875,3322,6977,2021-06-30,-21.0864,-47.1464,787,17,11857.7670634323,256.139822208829
OSVALDO CRUZ,0.476121212,15712,33000,2021-06-30,-21.7968,-50.8793,3985,112,12746.6973738925,358.250967597479
PALMITAL,0.476113506,10604,22272,2021-06-30,-22.7858,-50.218,2486,64,11509.7921200056,296.31001435251596
PRESIDENTE PRUDENTE,0.47578905299999996,109608,230371,2021-06-30,-22.1207,-51.3925,26892,781,12164.3077173603,353.27697185997397
IEPÊ,0.475347815,3895,8194,2021-06-30,-22.6602,-51.0779,854,23,10781.4669864916,290.36737785633096
BARRETOS,0.474709565,58310,122833,2021-06-30,-20.5531,-48.5698,15117,455,12805.807806993798,385.43643263757104
SÃO JOSÉ DO RIO PARDO,0.474693418,26167,55124,2021-06-30,-21.5953,-46.8873,3007,73,5651.61823854453,137.20257113859302
ECHAPORÃ,0.47427440600000004,2876,6064,2021-06-30,-22.4326,-50.2038,719,23,11565.0635354673,369.953353707576
PARAPUÃ,0.474198557,5192,10949,2021-06-30,-21.7792,-50.7949,1212,32,11535.1670315028,304.558865518226
MIRASSOLÂNDIA,0.47408009799999995,2332,4919,2021-06-30,-20.6179,-49.4617,535,14,11378.1369629945,297.745640153126
TABAPUÃ,0.473928714,5917,12485,2021-06-30,-20.9602,-49.0307,1647,47,13849.6468213925,395.22367978472903
MARÍLIA,0.473922441,114021,240590,2021-06-30,-22.2171,-49.9501,26504,798,11446.142152586399,344.628034929217
SÃO LUIZ DO PARAITINGA,0.473807297,5065,10690,2021-06-30,-23.222,-45.3109,74,21,700.160847762324,198.69429463525398
AVAÍ,0.473325975,2573,5436,2021-06-30,-22.1514,-49.3356,439,12,8301.8154311649,226.928895612708
BARRA BONITA,0.473038809,17089,36126,2021-06-30,-22.4909,-48.5583,3195,95,9151.05688262588,272.097153004525
AMPARO,0.472391541,34332,72677,2021-06-30,-22.7088,-46.772,6376,133,9155.78914114218,190.98493660161702
SANTO EXPEDITO,0.471770335,1479,3135,2021-06-30,-21.8467,-51.3929,166,4,5585.46433378197,134.589502018843
ÁGUAS DE SANTA BÁRBARA,0.47159928,2881,6109,2021-06-30,-22.8812,-49.2421,471,15,7941.32524026303,252.908447142135
ANDRADINA,0.471329674,26961,57202,2021-06-30,-20.8948,-51.3786,6057,253,10805.6516930103,451.350483462376
BERNARDINO DE CAMPOS,0.47105216,5256,11158,2021-06-30,-23.0164,-49.4679,766,22,7101.140261425791,203.949198108835
ITANHAÉM,0.469176156,48373,103102,2021-06-30,-24.1736,-46.788,5572,260,5642.131696993629,263.272476887714
OUROESTE,0.468450517,4937,10539,2021-06-30,-20.0061,-50.3768,1166,24,11925.9486550066,245.474071801166
SARUTAIÁ,0.468319559,1700,3630,2021-06-30,-23.2721,-49.4763,119,16,3263.85079539221,438.83708173340597
AMÉRICO DE CAMPOS,0.468316335,2801,5981,2021-06-30,-20.2985,-49.7359,965,25,16823.570432357,435.84379358437894
RANCHARIA,0.46831057,13921,29726,2021-06-30,-22.2269,-50.893,3775,88,13086.2828023711,305.05771830693
PARIQUERA-AÇU,0.468032247,9231,19723,2021-06-30,-24.7147,-47.8742,2171,56,11277.3362422731,290.893979533531
SABINO,0.466690417,2620,5614,2021-06-30,-21.4593,-49.5755,265,26,4846.37893196781,475.49378200438906
TAQUARAL,0.46640597200000006,1312,2813,2021-06-30,-21.0737,-48.4126,348,9,12649.945474373,327.153762268266
IACRI,0.466084194,2934,6295,2021-06-30,-21.8572,-50.6932,414,11,6600.76530612245,175.38265306122398
TRABIJU,0.466052934,810,1738,2021-06-30,-22.0388,-48.3342,140,2,8220.78684674104,117.439812096301
BÁLSAMO,0.46547762299999995,4254,9139,2021-06-30,-20.7348,-49.5865,1639,61,19228.0619427499,715.626466447677
SÃO JOÃO DE IRACEMA,0.465320911,899,1932,2021-06-30,-20.5111,-50.3561,145,6,7837.83783783784,324.324324324324
SOCORRO,0.46512865200000003,19234,41352,2021-06-30,-22.5903,-46.5251,3748,60,9664.02805352861,154.706959234716
TAQUARITUBA,0.464783282,10809,23256,2021-06-30,-23.5307,-49.241,3278,86,14133.5747854956,370.801534945889
CAIABU,0.46458383,1948,4193,2021-06-30,-22.0127,-51.2394,243,7,5922.4957348281705,170.60687301974198
ARANDU,0.464571877,2957,6365,2021-06-30,-23.1386,-49.0487,507,12,8223.84428223844,194.64720194647202
CUNHA,0.46418752,9961,21459,2021-06-30,-23.0731,-44.9576,806,10,3717.5407038420703,46.123333794566705
ONDA VERDE,0.463591135,2050,4422,2021-06-30,-20.6042,-49.2929,808,24,19124.2603550296,568.047337278107
SANTA CRUZ DO RIO PARDO,0.46263271,22180,47943,2021-06-30,-22.8988,-49.6354,5807,134,12593.797440902199,290.609412274995
URUPÊS,0.46262960799999997,6425,13888,2021-06-30,-21.2032,-49.2931,783,33,5948.04010938924,250.683682771194
TUPI PAULISTA,0.462106141,7201,15583,2021-06-30,-21.3825,-51.575,1439,42,9671.99892458664,282.296007527893
PEDRA BELA,0.461865794,2822,6110,2021-06-30,-22.7902,-46.4455,178,4,2984.57411133467,67.0690811535882
IPIGUÁ,0.461102995,2525,5476,2021-06-30,-20.6557,-49.3842,957,26,18294.781112598,497.03689543108396
REDENÇÃO DA SERRA,0.46105756700000006,1770,3839,2021-06-30,-23.2638,-45.5422,103,2,2684.3888454521802,52.1240552514986
MIRANTE DO PARANAPANEMA,0.460791798,8450,18338,2021-06-30,-22.2904,-51.9084,853,33,4800.49524452699,185.71669761945
BAURU,0.460364833,174615,379297,2021-06-30,-22.3246,-49.0871,46039,1058,12640.2635733407,290.479785846661
IGUAPE,0.460195553,14261,30989,2021-06-30,-24.699,-47.5537,2441,98,8284.40522653996,332.5979976243
MONTE ALTO,0.460115812,23361,50772,2021-06-30,-21.2655,-48.4971,5302,155,10953.4139035224,320.214853837414
PRESIDENTE ALVES,0.46004902,1877,4080,2021-06-30,-22.0999,-49.4381,253,7,6293.532338308461,174.12935323383098
LINS,0.45974039200000005,36091,78503,2021-06-30,-21.6718,-49.7526,8298,266,11051.180630468702,354.25573001984395
ESPÍRITO SANTO DO PINHAL,0.459445481,20432,44471,2021-06-30,-22.1909,-46.7477,4402,98,10339.8867827027,230.192845230545
PRESIDENTE VENCESLAU,0.459313342,18181,39583,2021-06-30,-21.8732,-51.8447,2836,95,7462.17602946981,249.96710959084302
CARDOSO,0.45930844600000004,5672,12349,2021-06-30,-20.08,-49.9183,1060,36,9043.59696271649,307.141028922447
ARAPEÍ,0.458536585,1128,2460,2021-06-30,-22.6717,-44.4441,214,3,8660.46135167948,121.408336705787
JUNQUEIRÓPOLIS,0.45801929799999996,9541,20831,2021-06-30,-21.5103,-51.4342,1625,77,8098.679292300021,383.75280338898597
PENÁPOLIS,0.45769092,29181,63757,2021-06-30,-21.4148,-50.0769,6091,223,10022.3779905881,366.933228025142
OURINHOS,0.457438436,52309,114352,2021-06-30,-22.9797,-49.8697,12086,331,10938.6454760202,299.57733349021197
MOGI MIRIM,0.457437266,42839,93650,2021-06-30,-22.4332,-46.9532,8830,306,9763.486991231659,338.349605811652
BORBOREMA,0.457436278,7394,16164,2021-06-30,-21.6214,-49.0741,1571,51,10252.5615088429,332.832996149579
MARACAÍ,0.457324024,6419,14036,2021-06-30,-22.6149,-50.6713,1964,43,14525.5528437246,318.023814806597
PEREIRA BARRETO,0.45702379600000004,11735,25677,2021-06-30,-20.6368,-51.1123,2177,73,8573.90413926194,287.50344610294997
SÃO JOSÉ DO BARREIRO,0.454633205,1884,4144,2021-06-30,-22.6414,-44.5774,259,4,6363.636363636359,98.2800982800983
ARARAS,0.45438578399999996,61572,135506,2021-06-30,-22.3572,-47.3842,15775,348,12036.7473694652,265.533317564113
BRAGANÇA PAULISTA,0.45384764200000005,77396,170533,2021-06-30,-22.9527,-46.5419,17127,469,10444.5664105379,286.010489084035
INÚBIA PAULISTA,0.45384424,1824,4019,2021-06-30,-21.7695,-50.9633,465,13,11947.584789311399,334.018499486125
ASSIS,0.453776395,47686,105087,2021-06-30,-22.66,-50.4183,10612,370,10467.444590209201,364.959903729496
PIQUETE,0.45377532200000004,6160,13575,2021-06-30,-22.6069,-45.1869,321,12,2352.16531105738,87.931413497472
RINÓPOLIS,0.45366931,4519,9961,2021-06-30,-21.7284,-50.7239,478,6,4917.695473251029,61.7283950617284
ALTINÓPOLIS,0.45349626600000004,7348,16203,2021-06-30,-21.0214,-47.3712,817,39,5253.00585096123,250.755481257635
AGUDOS,0.453463811,16960,37401,2021-06-30,-22.4694,-48.9863,3820,86,10571.760668622299,238.002988874744
REGISTRO,0.452006455,25490,56393,2021-06-30,-24.4979,-47.8449,6077,195,11208.868230780601,359.672421425409
ITAPIRA,0.45198979200000006,34005,75234,2021-06-30,-22.4357,-46.8224,7282,240,10184.615384615401,335.664335664336
ARAÇATUBA,0.450852727,89327,198129,2021-06-30,-21.2076,-50.4401,25862,774,13578.0625718621,406.365340291596
NOVA CASTILHO,0.450704225,576,1278,2021-06-30,-20.7615,-50.3477,86,3,7312.92517006803,255.10204081632702
REGENTE FEIJÓ,0.45047563,9187,20394,2021-06-30,-22.2181,-51.3055,658,53,3375.91708993895,271.920373505721
NOVO HORIZONTE,0.450137635,18642,41414,2021-06-30,-21.4651,-49.2234,5163,186,13254.0945730862,477.486265852031
PORANGABA,0.44978643100000004,4528,10067,2021-06-30,-23.1761,-48.1195,814,18,8743.28678839957,193.340494092374
TAIÚVA,0.44931703799999995,2500,5564,2021-06-30,-21.1223,-48.4528,833,12,13268.556865243701,191.14367633004102
EMBAÚBA,0.44916292399999996,1100,2449,2021-06-30,-20.9796,-48.8325,102,8,4234.12204234122,332.08800332088003
CÂNDIDO MOTA,0.448605883,14062,31346,2021-06-30,-22.7471,-50.3873,4035,142,13441.487058196499,473.03374529464696
HOLAMBRA,0.448402305,6848,15272,2021-06-30,-22.6405,-47.0487,1756,11,12116.1940247016,75.8987097219347
UCHOA,0.448330214,4551,10151,2021-06-30,-20.9511,-49.1713,1314,27,13570.174532686202,278.83920272642797
AVARÉ,0.44813223399999996,40884,91232,2021-06-30,-23.1067,-48.9251,10001,225,11424.7526788366,257.031232150609
IBIRÁ,0.447755232,5605,12518,2021-06-30,-21.083,-49.2448,1732,29,14362.716643171101,240.484285595821
PEDRO DE TOLEDO,0.447246301,5108,11421,2021-06-30,-24.2764,-47.2354,403,15,3671.3127448301,136.649357748019
POTIRENDABA,0.44707695799999997,7831,17516,2021-06-30,-21.0428,-49.3815,2682,67,16151.7615176152,403.492923818127
TORRINHA,0.446797932,4493,10056,2021-06-30,-22.4237,-48.1731,1229,18,12653.1452692268,185.318645114795
TAQUARITINGA,0.44660414200000004,25619,57364,2021-06-30,-21.4049,-48.5103,5570,176,10220.3710159819,322.941705352392
MACAUBAL,0.446421996,3637,8147,2021-06-30,-20.8022,-49.9687,687,15,8865.66008517228,193.57336430507198
SERRA NEGRA,0.446353389,13146,29452,2021-06-30,-22.6139,-46.7033,2715,50,9894.314868804659,182.215743440233
SALTO GRANDE,0.445322512,4170,9364,2021-06-30,-22.8894,-49.9831,762,7,8378.22979659153,76.9653655854865
TAPIRATIBA,0.445173745,5765,12950,2021-06-30,-21.4713,-46.7448,1430,21,11340.206185567,166.534496431404
POMPÉIA,0.44447952399999996,9855,22172,2021-06-30,-22.107,-50.176,884,26,4153.74494878301,122.168969081853
BREJO ALEGRE,0.444444444,1284,2889,2021-06-30,-21.1651,-50.1861,357,13,12897.398843930601,469.653179190751
MIRASSOL,0.443941429,26771,60303,2021-06-30,-20.8169,-49.5206,8578,240,14834.670724958502,415.052573325955
NOVA ALIANÇA,0.44368987,3136,7068,2021-06-30,-21.0156,-49.4986,1021,23,15829.4573643411,356.58914728682197
TACIBA,0.443671986,2808,6329,2021-06-30,-22.3866,-51.2882,580,21,9580.44268252395,346.878097125867
JERIQUARA,0.443668677,1398,3151,2021-06-30,-20.3116,-47.5918,272,2,8659.66252785737,63.6739891754218
ANHUMAS,0.443050193,1836,4144,2021-06-30,-22.2934,-51.3895,216,6,5450.41635124905,151.400454201363
ÁLVARES MACHADO,0.442315385,11057,24998,2021-06-30,-22.0764,-51.4722,2060,61,8659.464458363109,256.421034932111
MATÃO,0.442195011,36979,83626,2021-06-30,-21.6025,-48.364,4776,167,5968.507873031739,208.69782554361402
ITÁPOLIS,0.44185456100000003,19146,43331,2021-06-30,-21.5942,-48.8149,5282,150,12713.006642919,361.02820833734495
PIRANGI,0.441809781,5068,11471,2021-06-30,-21.0886,-48.6607,1572,59,14524.623487018402,545.135359881733
COLÔMBIA,0.44111969100000004,2742,6216,2021-06-30,-20.1768,-48.6865,590,10,9758.51802844856,165.39861065167102
COROADOS,0.440854952,2702,6129,2021-06-30,-21.3521,-50.2859,619,16,10445.4944313196,269.996625042187
SÃO PAULO,0.440507408,5429356,12325232,2021-06-30,-23.5329,-46.6395,855163,33510,7204.612432032591,282.31642692377
RUBIÁCEA,0.440227704,1392,3162,2021-06-30,-21.3006,-50.7296,168,8,5408.88602704443,257.56600128783003
SÃO SIMÃO,0.439454014,6761,15385,2021-06-30,-21.4732,-47.5518,893,23,6014.6831009631605,154.913450528726
CAFELÂNDIA,0.439387995,7840,17843,2021-06-30,-21.8031,-49.6092,736,35,4268.15124101137,202.969148689399
GUAPIARA,0.43923641700000005,7478,17025,2021-06-30,-24.1892,-48.5295,2108,78,11859.35302391,438.81856540084397
AMERICANA,0.439149154,106282,242018,2021-06-30,-22.7374,-47.3331,22165,687,9494.21309186235,294.271346452038
AURIFLAMA,0.438274438,6685,15253,2021-06-30,-20.6836,-50.5572,1884,68,13019.141731739299,469.905327897174
PIRASSUNUNGA,0.438089416,33679,76877,2021-06-30,-21.996,-47.4257,8186,225,11106.2871408026,305.266871082408
IACANGA,0.43784786600000003,5192,11858,2021-06-30,-21.8896,-49.031,1298,26,11480.6297541129,229.966389527684
JOANÓPOLIS,0.43777178,5839,13338,2021-06-30,-22.927,-46.2741,1013,5,7997.7893573346,39.475761882204296
ARARAQUARA,0.437079118,104173,238339,2021-06-30,-21.7845,-48.178,21364,443,9385.90093929303,194.62432672284302
BURITIZAL,0.436863093,1972,4514,2021-06-30,-20.1911,-47.7096,303,10,7035.0592059438095,232.18017181332698
SÃO JOSÉ DOS CAMPOS,0.436691575,318670,729737,2021-06-30,-23.1896,-45.8841,82043,1726,11544.717964016201,242.87487300430303
PIRACAIA,0.436494065,11987,27462,2021-06-30,-23.0525,-46.3594,2996,38,11397.268611861398,144.558146612394
PINDORAMA,0.436396375,7513,17216,2021-06-30,-21.1853,-48.9086,1243,52,7646.87788372808,319.901568748077
CAMPINA DO MONTE ALEGRE,0.436354631,2643,6057,2021-06-30,-23.5895,-48.4758,543,15,9342.73916035788,258.086717136958
OLÍMPIA,0.43629602799999995,24053,55130,2021-06-30,-20.7366,-48.9106,9155,232,17432.7823901287,441.77012719933
PARAIBUNA,0.436182445,7966,18263,2021-06-30,-23.3872,-45.6639,1165,40,6390.565002742729,219.41854086670298
TATUÍ,0.43583237799999996,53593,122967,2021-06-30,-23.3487,-47.8461,5961,399,4962.4135261357105,332.159536475113
SÃO PEDRO,0.43563090600000004,15674,35980,2021-06-30,-22.5483,-47.9096,4465,78,13052.5023386342,228.016838166511
GUARATINGUETÁ,0.435288356,53325,122505,2021-06-30,-22.8075,-45.1938,7940,227,6709.19768473531,191.812074865858
SÃO JOÃO DAS DUAS PONTES,0.433814916,1111,2561,2021-06-30,-20.3879,-50.3792,169,5,6825.52504038772,201.938610662359
ALVINLÂNDIA,0.43373494,1404,3237,2021-06-30,-22.4435,-49.7623,138,8,4345.088161209071,251.889168765743
QUADRA,0.433575506,1671,3854,2021-06-30,-23.2993,-48.0547,174,7,4692.55663430421,188.78101402373198
ELDORADO,0.43341482200000003,6737,15544,2021-06-30,-24.5281,-48.1141,1189,20,7803.8855342609595,131.268049356787
UBIRAJARA,0.43318068299999996,2081,4804,2021-06-30,-22.5272,-49.6613,442,6,9478.87625991851,128.672528415183
MARTINÓPOLIS,0.433002854,11530,26628,2021-06-30,-22.1462,-51.1709,1271,66,4951.69082125604,257.129499766246
SANTA CRUZ DA ESPERANÇA,0.432884347,932,2153,2021-06-30,-21.2951,-47.4304,185,4,8907.07751564757,192.585459797785
SÃO BERNARDO DO CAMPO,0.43267300799999997,365385,844483,2021-06-30,-23.6914,-46.5646,66887,2895,8236.44293830949,356.489337336193
CHAVANTES,0.432597842,5372,12418,2021-06-30,-23.0366,-49.7096,952,35,7788.59527121001,286.345414382721
SANTA ADÉLIA,0.43223443200000006,6726,15561,2021-06-30,-21.2427,-48.8063,1486,55,9978.5119527263,369.325812516788
SALESÓPOLIS,0.432181776,7456,17252,2021-06-30,-23.5288,-45.8465,561,41,3331.7496139684004,243.49685235776198
MONTE APRAZÍVEL,0.43136404799999994,10945,25373,2021-06-30,-20.768,-49.7184,2786,74,11876.5453150311,315.457413249211
IRAPURU,0.431231231,3590,8325,2021-06-30,-21.5684,-51.3472,671,30,9149.16825743114,409.05372238887395
BEBEDOURO,0.430791052,33410,77555,2021-06-30,-20.9491,-48.4791,3926,149,5294.3159598139,200.930483446834
CATIGUÁ,0.430553787,3382,7855,2021-06-30,-21.0519,-49.0616,778,28,10333.377606587901,371.89533802629796
IGARATÁ,0.430241052,4123,9583,2021-06-30,-23.2037,-46.157,1917,30,20586.3402061856,322.164948453608
APIAÍ,0.430240238,10423,24226,2021-06-30,-24.5108,-48.8443,1372,71,5562.3124949323,287.84561744911997
PORTO FERREIRA,0.42958020700000005,24273,56504,2021-06-30,-21.8498,-47.487,5834,144,10783.3351816938,266.163912609515
ITUVERAVA,0.429492211,18058,42045,2021-06-30,-20.3355,-47.7902,1789,118,4445.16225214928,293.19683943745997
SÃO CARLOS,0.42933151,109258,254484,2021-06-30,-22.0174,-47.886,22260,446,9174.38754986976,183.81746842955602
CONCHAS,0.42882512899999997,7727,18019,2021-06-30,-23.0154,-48.0134,2145,62,12518.9681335357,361.85362437259204
PIACATU,0.42878436600000003,2589,6038,2021-06-30,-21.5921,-50.6003,622,9,10558.4790358173,152.775420132405
GUARARAPES,0.428610272,14187,33100,2021-06-30,-21.2544,-50.6453,3725,95,11613.0440204514,296.17159246788896
SALTINHO,0.428213988,3594,8393,2021-06-30,-22.8442,-47.6754,798,15,10152.6717557252,190.839694656489
SILVEIRAS,0.42814324,2714,6339,2021-06-30,-22.6638,-44.8522,434,6,6995.48678272083,96.71179883945841
NUPORANGA,0.42805563,3201,7478,2021-06-30,-20.7296,-47.7429,368,9,5063.29113924051,123.83048981838199
JACI,0.426764869,3071,7196,2021-06-30,-20.8805,-49.5797,884,22,12684.7467355431,315.68374228727197
QUINTANA,0.42673445,2854,6688,2021-06-30,-22.0692,-50.307,510,19,7846.15384615385,292.307692307692
PATROCÍNIO PAULISTA,0.42655500799999996,6316,14807,2021-06-30,-20.6384,-47.2801,902,27,6236.6037474936,186.68326073428798
MARIÁPOLIS,0.426301638,1744,4091,2021-06-30,-21.7959,-51.1824,223,6,5610.06289308176,150.94339622641502
GUARAREMA,0.42603530700000003,12839,30136,2021-06-30,-23.4112,-46.0369,1820,79,6184.37595568997,268.442692582147
MONGAGUÁ,0.426016514,24559,57648,2021-06-30,-24.0809,-46.6265,1501,79,2748.5808459989003,144.66214978941602
PARDINHO,0.42593730799999996,2772,6508,2021-06-30,-23.0841,-48.3679,723,14,11311.013767208999,219.02377972465598
PARAÍSO,0.42580049299999995,2766,6496,2021-06-30,-21.0159,-48.7761,462,21,7369.59642686234,334.98165576647
AREIAS,0.425564682,1658,3896,2021-06-30,-22.5786,-44.6992,321,1,8352.84933645589,26.021337496747304
SÃO PEDRO DO TURVO,0.4254158,3274,7696,2021-06-30,-22.7453,-49.7428,652,8,8847.87623829556,108.562898629393
BORACÉIA,0.425225965,2070,4868,2021-06-30,-22.1926,-48.7808,922,22,19373.8180289977,462.281992015129
ZACARIAS,0.425145349,1170,2752,2021-06-30,-21.0506,-50.0552,241,8,9414.0625,312.5
SANTO ANASTÁCIO,0.425045529,8869,20866,2021-06-30,-21.9747,-51.6527,1464,32,7273.811298256071,158.99041089084298
CERQUEIRA CÉSAR,0.424793225,8577,20191,2021-06-30,-23.038,-49.1655,1718,36,8941.86228074741,187.373132774684
TEODORO SAMPAIO,0.42461221200000004,9882,23273,2021-06-30,-22.5299,-52.1682,2468,43,11010.9752833051,191.844382974926
SALMOURÃO,0.42439572799999997,2265,5337,2021-06-30,-21.6267,-50.8614,305,20,5960.523744381469,390.854016025015
JABOTICABAL,0.424329058,32950,77652,2021-06-30,-21.252,-48.3252,6606,114,8900.44596542757,153.595343635898
RIBEIRÃO GRANDE,0.424273994,3258,7679,2021-06-30,-24.1011,-48.3679,400,8,5326.23169107856,106.524633821571
CAMPOS NOVOS PAULISTA,0.424254553,2120,4997,2021-06-30,-22.602,-49.9987,275,8,5708.947477683199,166.078472078057
MANDURI,0.424217962,4204,9910,2021-06-30,-23.0056,-49.3202,799,14,8388.45144356955,146.981627296588
NARANDIBA,0.42414355600000003,2080,4904,2021-06-30,-22.4057,-51.5274,773,21,15967.775253046899,433.794670522619
RIO CLARO,0.423901965,88175,208008,2021-06-30,-22.3984,-47.5546,11619,511,5774.50649066656,253.96099636204602
BROTAS,0.42352654700000003,10434,24636,2021-06-30,-22.2795,-48.1251,1323,46,5547.169811320749,192.872117400419
ARAMINA,0.42316534,2393,5655,2021-06-30,-20.0882,-47.7873,316,16,5749.636098981079,291.120815138282
ITAPORANGA,0.423120016,6420,15173,2021-06-30,-23.7043,-49.4819,1290,45,8782.67973856209,306.372549019608
JUQUIÁ,0.42301527899999997,7918,18718,2021-06-30,-24.3101,-47.6426,1683,50,8938.81453154876,265.561929041853
BATATAIS,0.422785011,26627,62980,2021-06-30,-20.8929,-47.5921,3282,154,5449.83560824948,255.720500813656
PINHALZINHO,0.42260202799999996,6503,15388,2021-06-30,-22.7811,-46.5897,766,5,5191.4605218570005,33.8868180277872
SÃO BENTO DO SAPUCAÍ,0.42256495,4603,10893,2021-06-30,-22.6837,-45.7287,661,8,6277.30294396961,75.9734093067426
SUZANÁPOLIS,0.42202292,1694,4014,2021-06-30,-20.4981,-51.0268,310,11,7854.06637952876,278.69267798327803
JOSÉ BONIFÁCIO,0.42201466600000004,15769,37366,2021-06-30,-21.0551,-49.6892,5134,124,14268.6417831633,344.62633056335295
JUNDIAÍ,0.42195619,178490,423006,2021-06-30,-23.1852,-46.8974,44251,1374,10872.054169860601,337.57886667846003
ORIENTE,0.42188933,2760,6542,2021-06-30,-22.1549,-50.0971,313,21,4996.00957701516,335.195530726257
MIRACATU,0.421778751,8285,19643,2021-06-30,-24.2766,-47.4625,2028,59,10173.5727902077,295.976723186515
PERUÍBE,0.421501138,29084,69001,2021-06-30,-24.312,-47.0012,6150,198,9289.889880817509,299.08913762632
PRESIDENTE EPITÁCIO,0.421185429,18696,44389,2021-06-30,-21.7651,-52.1111,2759,96,6507.07547169811,226.41509433962298
TUIUTI,0.42109789299999995,2938,6977,2021-06-30,-22.8193,-46.6937,176,2,2684.15433887449,30.5017538508464
PARAGUAÇU PAULISTA,0.42024159299999997,19308,45945,2021-06-30,-22.4114,-50.5732,4472,142,10122.2272521503,321.412403802626
MINEIROS DO TIETÊ,0.420175845,5448,12966,2021-06-30,-22.412,-48.451,1205,22,9565.76962768913,174.64475668810002
MAIRINQUE,0.419489471,19901,47441,2021-06-30,-23.5398,-47.185,3766,51,8129.87069058567,110.096496340911
APARECIDA,0.41901340299999995,15162,36185,2021-06-30,-22.8495,-45.2325,2238,93,6267.327564479539,260.438544904646
IBITINGA,0.418976898,25390,60600,2021-06-30,-21.7562,-48.8319,9165,254,15666.3988649767,434.18061229722605
PAULO DE FARIA,0.418127023,3746,8959,2021-06-30,-20.0296,-49.4,609,23,7147.048468489609,269.92137073113497
NAZARÉ PAULISTA,0.41774521299999995,7811,18698,2021-06-30,-23.1747,-46.3983,1382,40,7492.545405258879,216.86093792355598
MONTE AZUL PAULISTA,0.41759806,7921,18968,2021-06-30,-20.9065,-48.6387,2172,23,11939.9703149909,126.43614974437901
BRAÚNA,0.41734889399999997,2396,5741,2021-06-30,-21.499,-50.3175,573,21,10320.6051873199,378.24207492795404
LARANJAL PAULISTA,0.416918534,12001,28785,2021-06-30,-23.0506,-47.8375,3952,106,14198.4623122799,380.82920169576795
MIRANDÓPOLIS,0.41617855,12363,29706,2021-06-30,-21.1313,-51.1035,1941,93,6775.8151225302,324.652656566362
CARAGUATATUBA,0.416163515,51350,123389,2021-06-30,-23.6125,-45.4125,16400,437,14125.0236852531,376.380204296074
ITAPETININGA,0.41537281200000004,68755,165526,2021-06-30,-23.5886,-48.0483,15666,448,9782.079300655641,279.737745863253
ICÉM,0.415342004,3449,8304,2021-06-30,-20.3391,-49.1915,1095,26,13632.96812749,323.705179282869
MOTUCA,0.41522419200000005,1991,4795,2021-06-30,-21.5103,-48.1538,335,9,7222.940922811559,194.04915912030998
ANALÂNDIA,0.415150316,2099,5056,2021-06-30,-22.1289,-47.6619,318,4,6556.701030927829,82.4742268041237
JABORANDI,0.415059027,2883,6946,2021-06-30,-20.6884,-48.4112,509,13,7623.184064699721,194.698217762468
CAMPINAS,0.41495248,503666,1213792,2021-06-30,-22.9053,-47.0659,94263,3737,8018.9638290397,317.907003056569
TAIAÇU,0.414398734,2619,6320,2021-06-30,-21.1431,-48.5112,342,10,5665.06542984926,165.645188007288
CAIUÁ,0.41389169200000003,2461,5946,2021-06-30,-21.8322,-51.9969,336,7,6000.0,125.0
PEDREGULHO,0.41383617899999997,6957,16811,2021-06-30,-20.2535,-47.4775,273,16,1677.00718717366,98.2861355120093
BANANAL,0.413808787,4549,10993,2021-06-30,-22.6819,-44.3281,958,3,8994.46061402685,28.166369354990103
TARUMÃ,0.413159455,6273,15183,2021-06-30,-22.7429,-50.5786,1599,44,10799.6758071052,297.17682020802397
COLINA,0.41273266799999997,7650,18535,2021-06-30,-20.7114,-48.5387,1295,44,7356.700562404129,249.957393626086
HERCULÂNDIA,0.412494785,3955,9588,2021-06-30,-22.0038,-50.3907,1073,19,11587.4730021598,205.183585313175
SANTA ERNESTINA,0.412491052,2305,5588,2021-06-30,-21.4618,-48.3953,516,14,9339.3665158371,253.39366515837102
NOVA GRANADA,0.412421043,8945,21689,2021-06-30,-20.5321,-49.3123,2818,67,13471.6512094847,320.298307677598
SANTA ROSA DE VITERBO,0.412402347,11033,26753,2021-06-30,-21.4776,-47.3622,2016,39,7873.769723480709,152.319950007811
GUZOLÂNDIA,0.41228566,2188,5307,2021-06-30,-20.6467,-50.6645,473,25,9261.79753279812,489.52418249461505
PANORAMA,0.41186483399999996,6533,15862,2021-06-30,-21.354,-51.8562,1271,43,8362.39226264886,282.913349562471
PLATINA,0.41084404700000005,1470,3578,2021-06-30,-22.6371,-50.2104,303,10,8654.67009425878,285.63267637817796
BRODOWSKI,0.410570875,10378,25277,2021-06-30,-20.9845,-47.6572,2626,67,10967.7149897674,279.831265923234
INDAIATUBA,0.409826596,105007,256223,2021-06-30,-23.0816,-47.2101,23151,478,9532.3385542764,196.814730635572
ITAPURA,0.409210261,2026,4951,2021-06-30,-20.6419,-51.5063,260,11,5288.852725793329,223.759153783564
CABRÁLIA PAULISTA,0.40914447299999995,1736,4243,2021-06-30,-22.4576,-49.3393,398,6,9238.625812441971,139.27576601671302
CASTILHO,0.408990455,8698,21267,2021-06-30,-20.8689,-51.4884,2100,74,10131.223465843299,357.00501736781194
MIGUELÓPOLIS,0.408857079,9140,22355,2021-06-30,-20.1796,-48.031,1001,76,4672.33009708738,354.742345033607
SÃO LOURENÇO DA SERRA,0.408186256,6522,15978,2021-06-30,-23.8491,-46.9432,657,33,4217.215482380129,211.823608704025
GAVIÃO PEIXOTO,0.40809968799999996,1965,4815,2021-06-30,-21.8367,-48.4957,1233,17,26746.2039045553,368.763557483731
PARANAPANEMA,0.407992155,8321,20395,2021-06-30,-23.3862,-48.7214,1781,62,8921.95170824567,310.59012123033796
SÃO SEBASTIÃO DA GRAMA,0.407763796,4958,12159,2021-06-30,-21.7041,-46.8208,1062,30,8897.45308310992,251.340482573727
VALINHOS,0.40771282700000006,53496,131210,2021-06-30,-22.9698,-46.9974,12211,335,9789.00450529894,268.55429606708196
SÃO MANUEL,0.407217372,16746,41123,2021-06-30,-22.7321,-48.5723,4981,133,12586.5467225956,336.079243948047
QUATÁ,0.40717804399999996,5786,14210,2021-06-30,-22.2456,-50.6966,1154,26,8281.30606386796,186.580552565483
CAJOBI,0.40675726700000003,4310,10596,2021-06-30,-20.8773,-48.8063,976,30,9658.5848589807,296.882731321128
JACAREÍ,0.40673106299999995,95751,235416,2021-06-30,-23.2983,-45.9658,22203,637,9740.50757858255,279.453376911097
VARGEM GRANDE DO SUL,0.406680585,17532,43110,2021-06-30,-21.8322,-46.8913,2685,64,6469.72362111756,154.213151490326
SANTA BRANCA,0.40647506200000005,6039,14857,2021-06-30,-23.3933,-45.8875,1049,31,7398.26503984766,218.63318992876802
NANTES,0.40610254799999995,1291,3179,2021-06-30,-22.6156,-51.24,229,6,7456.85444480625,195.37609899055698
GUARÁ,0.40609160899999996,8653,21308,2021-06-30,-20.4302,-47.8236,1787,79,8581.44448713023,379.36995774106794
CERQUILHO,0.405746757,20207,49802,2021-06-30,-23.1665,-47.7459,5547,122,11951.907952856001,262.868716468079
OURO VERDE,0.405684455,3497,8620,2021-06-30,-21.4872,-51.7024,574,21,6942.428640541851,253.991291727141
FARTURA,0.40553827,6517,16070,2021-06-30,-23.3916,-49.5124,1159,33,7408.5911531577585,210.94349271286097
ARIRANHA,0.40538879200000005,3957,9761,2021-06-30,-21.1872,-48.7904,870,23,9334.76394849785,246.781115879828
JOÃO RAMALHO,0.404965942,1843,4551,2021-06-30,-22.2473,-50.7694,601,12,13708.9416058394,273.722627737226
ANGATUBA,0.404960948,10318,25479,2021-06-30,-23.4917,-48.4139,2586,63,10554.6712379087,257.13236194441004
SANTO ANTÔNIO DO PINHAL,0.40457008899999997,2762,6827,2021-06-30,-22.827,-45.663,599,7,9037.41701870851,105.612552806276
BARIRI,0.404128466,14370,35558,2021-06-30,-22.073,-48.7438,2845,117,8369.37016444562,344.188509398994
CORUMBATAÍ,0.40403543299999994,1642,4064,2021-06-30,-22.2213,-47.6215,378,7,9540.63604240283,176.678445229682
MOMBUCA,0.40364880299999994,1416,3508,2021-06-30,-22.9285,-47.559,381,6,11434.573829531799,180.072028811525
RIBEIRÃO BRANCO,0.40355314299999995,6542,16211,2021-06-30,-24.2206,-48.7635,1548,45,8753.18066157761,254.452926208651
IPAUSSU,0.403543699,6081,15069,2021-06-30,-23.0575,-49.6279,1987,41,13697.7802288708,282.641665517717
UNIÃO PAULISTA,0.40321715799999996,752,1865,2021-06-30,-20.8862,-49.9025,210,5,12075.905692927,287.521564117309
ANHEMBI,0.40313829,2749,6819,2021-06-30,-22.793,-48.1336,256,6,3836.93045563549,89.92805755395679
GARÇA,0.40241842899999997,17871,44409,2021-06-30,-22.2125,-49.6546,4392,115,10338.252948238101,270.69651389967703
TIETÊ,0.40219206399999996,17100,42517,2021-06-30,-23.1101,-47.7164,3760,92,9154.43235215348,223.991429893117
RAFARD,0.401823975,3657,9101,2021-06-30,-23.0105,-47.5318,917,6,10216.1319073084,66.8449197860963
ITATIBA,0.40164462700000003,49234,122581,2021-06-30,-23.0035,-46.8464,10159,139,8615.45506971064,117.880525119577
CANANÉIA,0.401642612,5037,12541,2021-06-30,-25.0144,-47.9341,684,29,5542.50060773033,234.98906085406398
TEJUPÁ,0.401246938,1802,4491,2021-06-30,-23.3425,-49.3722,134,5,2852.88482009794,106.450926123057
LUPÉRCIO,0.400348129,1840,4596,2021-06-30,-22.4146,-49.818,248,7,5609.59059036417,158.335218276408
TERRA ROXA,0.400021193,3775,9437,2021-06-30,-20.787,-48.3314,943,27,10338.7786426927,296.02017322662
PIRAPOZINHO,0.40001441200000004,11102,27754,2021-06-30,-22.2711,-51.4976,2548,64,9363.172013375959,235.181714621688
PROMISSÃO,0.39960321299999996,16315,40828,2021-06-30,-21.5356,-49.8599,4871,82,12279.7287417753,206.72095192477403
ITARARÉ,0.39929307700000005,20221,50642,2021-06-30,-24.1085,-49.3352,5604,214,11432.534987147601,436.574319637684
GUARANTÃ,0.399101124,2664,6675,2021-06-30,-21.8942,-49.5914,262,16,4045.0825999691206,247.027945036282
PAULICÉIA,0.39804132,2967,7454,2021-06-30,-21.3153,-51.8321,556,11,7780.57654631962,153.932269801287
ELISIÁRIO,0.397349202,1469,3697,2021-06-30,-21.1678,-49.1146,535,7,15290.0828808231,200.05715918834
BENTO DE ABREU,0.39733777,1194,3005,2021-06-30,-21.2686,-50.814,319,2,10831.9185059423,67.911714770798
SANTO ANDRÉ,0.397200874,286528,721368,2021-06-30,-23.6737,-46.5432,58156,2761,8381.4333294421,397.914874176175
ALAMBARI,0.396965247,2433,6129,2021-06-30,-23.5503,-47.898,516,10,8928.88042913999,173.040318394186
SANTO ANTÔNIO DO ARACANGUÁ,0.39688716,3366,8481,2021-06-30,-20.9331,-50.498,545,27,6604.45952496364,327.193407658749
FRANCA,0.39688284100000004,141251,355901,2021-06-30,-20.5352,-47.4039,30862,717,9020.6795761783,209.572524662039
IRAPUÃ,0.39674453299999995,3193,8048,2021-06-30,-21.2768,-49.4164,861,27,11132.660977501899,349.10783553142
GUAÍRA,0.396710526,16281,41040,2021-06-30,-20.3196,-48.312,4509,182,11543.4832697576,465.937892015053
TAMBAÚ,0.396694215,9216,23232,2021-06-30,-21.7029,-47.2703,2139,42,9380.344691487959,184.186291277463
ITOBI,0.396459501,3113,7852,2021-06-30,-21.7309,-46.9743,548,9,7201.997634380341,118.280983046392
IGARAPAVA,0.396321944,12133,30614,2021-06-30,-20.0407,-47.7466,1302,83,4420.152091254749,281.776208582292
CAPÃO BONITO,0.395942103,18656,47118,2021-06-30,-24.0113,-48.3482,5105,68,10997.888750053899,146.494894222069
SETE BARRAS,0.395931142,5060,12780,2021-06-30,-24.382,-47.9279,1703,37,13485.9043395629,292.999683243586
MONTEIRO LOBATO,0.395868825,1859,4696,2021-06-30,-22.9544,-45.8407,241,7,5397.53639417693,156.774916013438
ITU,0.39572701200000004,69477,175568,2021-06-30,-23.2544,-47.2927,18131,338,10679.6173691775,199.09054496618998
OSASCO,0.395451636,276794,699944,2021-06-30,-23.5324,-46.7916,39623,2275,5818.662954282459,334.085208616021
SANTA BÁRBARA D'OESTE,0.39537013200000004,76856,194390,2021-06-30,-22.7553,-47.4143,19480,653,10320.8032000848,345.96942965376604
MACATUBA,0.395317765,6805,17214,2021-06-30,-22.5002,-48.7102,2691,54,15892.983699503899,318.922749822821
SANTO ANTÔNIO DE POSSE,0.39529941799999996,9301,23529,2021-06-30,-22.6029,-46.9192,2803,37,12267.495295198898,161.93268852028498
DUMONT,0.39509129,3960,10023,2021-06-30,-21.2324,-47.9756,1197,21,12507.8369905956,219.435736677116
LEME,0.395060664,41223,104346,2021-06-30,-22.1809,-47.3841,11807,367,11692.993315177,363.45630106462
PIRACICABA,0.394993763,160862,407252,2021-06-30,-22.7338,-47.6476,55632,1153,14269.2620417418,295.737329848438
GLICÉRIO,0.394905778,1907,4829,2021-06-30,-21.3812,-50.2123,445,19,9370.39376710886,400.084228258581
LINDÓIA,0.39458724700000003,3193,8092,2021-06-30,-22.5226,-46.65,741,17,9595.959595959599,220.15022015021998
RINCÃO,0.39456159799999996,4266,10812,2021-06-30,-21.5894,-48.0728,471,26,4487.4237804878,247.713414634146
IBIRAREMA,0.394337457,3092,7841,2021-06-30,-22.8185,-50.0739,637,23,8483.15354907444,306.29910773738203
SÃO SEBASTIÃO,0.39411921,35600,90328,2021-06-30,-23.7951,-45.4143,7615,157,8739.31256096861,180.18018018018
VIRADOURO,0.393752958,7488,19017,2021-06-30,-20.8734,-48.293,1799,78,9805.41777947348,425.13762467978404
CAPIVARI,0.39369268700000004,22196,56379,2021-06-30,-22.9951,-47.5071,4422,88,8154.00785528572,162.26881304051201
BOCAINA,0.393189849,4896,12452,2021-06-30,-22.1365,-48.523,1236,30,10185.414091471,247.218788627936
RIBEIRÃO PRETO,0.393051663,279784,711825,2021-06-30,-21.1699,-47.8099,67162,2562,9822.208117558801,374.683559113571
BARBOSA,0.392876272,2934,7468,2021-06-30,-21.2657,-49.9518,547,12,7509.61010433828,164.744645799012
SALTO DE PIRAPORA,0.39276057600000003,18012,45860,2021-06-30,-23.6474,-47.5743,3777,158,8540.80455871379,357.28014833910004
CESÁRIO LANGE,0.392653061,7215,18375,2021-06-30,-23.226,-47.9545,1998,57,11583.9517625232,330.473098330241
JAGUARIÚNA,0.391829297,23009,58722,2021-06-30,-22.7037,-46.9851,5005,102,9125.21878646441,185.96849474912497
PILAR DO SUL,0.39143595700000006,11509,29402,2021-06-30,-23.8077,-47.7222,2755,73,9762.23379752667,258.67261968037997
TARABAI,0.391246684,2950,7540,2021-06-30,-22.3016,-51.5621,776,25,10675.4711789792,343.926262209382
ITIRAPUÃ,0.39095216299999996,2558,6543,2021-06-30,-20.6416,-47.2194,270,5,4300.04777830865,79.6305144131231
PRAIA GRANDE,0.390790249,129291,330845,2021-06-30,-24.0084,-46.4121,19242,658,6073.020161341229,207.673176705256
RIBEIRÃO CORRENTE,0.39078282799999997,1857,4752,2021-06-30,-20.4579,-47.5904,279,3,5981.9897084048,64.3224699828474
ITAÍ,0.39058505600000004,10695,27382,2021-06-30,-23.4213,-49.092,2666,61,10057.7206021051,230.127890745841
SANTÓPOLIS DO AGUAPEÍ,0.38945401700000004,1876,4817,2021-06-30,-21.6376,-50.5044,510,14,10925.4498714653,299.914310197087
CAJURU,0.38904254899999996,10268,26393,2021-06-30,-21.2749,-47.303,1072,36,4177.22012235514,140.279780228344
JÚLIO MESQUITA,0.388958333,1867,4800,2021-06-30,-22.0112,-49.7873,189,14,4073.27586206897,301.724137931034
GUAPIAÇU,0.38893226200000003,8469,21775,2021-06-30,-20.7959,-49.2172,1856,68,8902.5326170376,326.170376055257
LENÇÓIS PAULISTA,0.388882447,26829,68990,2021-06-30,-22.6027,-48.8037,11379,170,17151.7718523431,256.244064935261
IGARAÇU DO TIETÊ,0.38882379100000003,9623,24749,2021-06-30,-22.509,-48.5597,2009,46,8324.01077273669,190.59457219805302
PLANALTO,0.388763198,2062,5304,2021-06-30,-21.0342,-49.933,566,8,10954.131991484399,154.828720727695
BARRA DO CHAPÉU,0.38819444399999997,2236,5760,2021-06-30,-24.4722,-49.0238,357,3,6455.696202531651,54.249547920434
ESTIVA GERBI,0.387656702,4422,11407,2021-06-30,-22.2713,-46.9481,709,30,6399.49453921834,270.782561603033
ITAPEVA,0.387599679,36746,94804,2021-06-30,-23.9788,-48.8764,7798,332,8504.46598977021,362.077803103836
LORENA,0.38743338,34530,89125,2021-06-30,-22.7334,-45.1197,4555,114,5257.44756980113,131.580466071861
BOA ESPERANÇA DO SUL,0.386203223,5800,15018,2021-06-30,-21.9918,-48.3906,1187,17,8140.172815800301,116.582087505143
RIBEIRÃO PIRES,0.386158072,47945,124159,2021-06-30,-23.7067,-46.4058,7877,320,6621.108197162261,268.979893752942
CANITAR,0.385865457,2042,5292,2021-06-30,-23.004,-49.7839,814,12,16309.356842316201,240.43277900220403
MORUNGABA,0.385675931,5315,13781,2021-06-30,-22.8811,-46.7896,953,19,7194.081678870691,143.42870083792602
RIBEIRÃO BONITO,0.385592902,5128,13299,2021-06-30,-22.0685,-48.182,885,26,6829.23065051316,200.632764873833
SARAPUÍ,0.385274302,4003,10390,2021-06-30,-23.6397,-47.8249,348,4,3442.13649851632,39.5647873392681
CRISTAIS PAULISTA,0.384950677,3356,8718,2021-06-30,-20.4036,-47.4209,1068,11,12676.557863501499,130.563798219585
GUAIMBÊ,0.384788245,2226,5785,2021-06-30,-21.9091,-49.8986,513,7,9269.96747379834,126.49078424286199
CHARQUEADA,0.38463753100000003,6680,17367,2021-06-30,-22.5096,-47.7755,1198,39,7074.942420126379,230.319494478238
JARDINÓPOLIS,0.38381143,17260,44970,2021-06-30,-21.0176,-47.7606,3751,130,8745.016669386609,303.079756603642
PACAEMBU,0.38357989200000003,5471,14263,2021-06-30,-21.5627,-51.2654,1200,30,9191.176470588242,229.779411764706
CRAVINHOS,0.383372214,13640,35579,2021-06-30,-21.338,-47.7324,1891,88,5492.6222841872905,255.60590217265
CAPELA DO ALTO,0.38332142,8044,20985,2021-06-30,-23.4685,-47.7388,1386,29,6747.1521760296,141.174179729335
BOREBI,0.383153187,1028,2683,2021-06-30,-22.5728,-48.9707,255,3,9887.55331523847,116.32415664986401
ESPÍRITO SANTO DO TURVO,0.383148831,1869,4878,2021-06-30,-22.6925,-49.4341,333,4,6938.945613669511,83.3506980620963
LUCÉLIA,0.38261902600000003,8374,21886,2021-06-30,-21.7182,-51.0215,1600,52,7612.160426280981,247.395213854132
SALES OLIVEIRA,0.381813636,4581,11998,2021-06-30,-20.7696,-47.8369,1663,27,14438.270533078701,234.415697169648
GETULINA,0.38140997600000004,4366,11447,2021-06-30,-21.7961,-49.9312,1050,22,9680.0958790449,202.821056513322
NOVA INDEPENDÊNCIA,0.380952381,1544,4053,2021-06-30,-21.1026,-51.4905,397,4,10640.578933261899,107.20986330742399
PONTALINDA,0.380830124,1780,4674,2021-06-30,-20.4396,-50.5258,182,11,4056.16224648986,245.15266324938702
ITAPUÍ,0.380504701,5383,14147,2021-06-30,-22.2324,-48.7197,1283,35,9311.27077436679,254.009724943755
AGUAÍ,0.380239031,13935,36648,2021-06-30,-22.0572,-46.9735,3047,95,8557.06582790384,266.79397888115
GUATAPARÁ,0.379686081,2927,7709,2021-06-30,-21.4944,-48.0356,464,19,6236.55913978495,255.376344086022
PEDERNEIRAS,0.3792108,17865,47111,2021-06-30,-22.3511,-48.7781,3890,75,8536.31775290761,164.581961816985
BARUERI,0.37863471299999996,104875,276982,2021-06-30,-23.5057,-46.879,29272,1042,11071.523128711398,394.114754718408
LIMEIRA,0.378368916,116720,308482,2021-06-30,-22.566,-47.397,16150,673,5450.55686803915,227.13466081674
PEDREIRA,0.378350494,18336,48463,2021-06-30,-22.7413,-46.8948,3525,51,7572.8280484661,109.56432070121201
UBATUBA,0.377777052,34689,91824,2021-06-30,-23.4332,-45.0834,6196,118,6968.374645733051,132.709523595303
MOGI DAS CRUZES,0.377521435,170181,450785,2021-06-30,-23.5208,-46.1854,28281,1387,6532.842078516071,320.39361984731096
TAUBATÉ,0.377409056,119984,317915,2021-06-30,-23.0104,-45.5593,24679,691,8029.320570924741,224.817071782041
ROSEIRA,0.377372466,4076,10801,2021-06-30,-22.8938,-45.307,1415,23,13296.3728622439,216.124788573576
SALTO,0.37714638899999997,45158,119736,2021-06-30,-23.1996,-47.2931,10183,312,8826.2316679957,270.429566965988
CAJATI,0.37709693299999997,10745,28494,2021-06-30,-24.7324,-48.1223,3214,97,11085.816777041899,334.57505518763804
ELIAS FAUSTO,0.375947814,6743,17936,2021-06-30,-23.0428,-47.3682,1297,33,7477.22817940736,190.245589761328
RIBEIRA,0.375675676,1251,3330,2021-06-30,-24.6517,-49.0044,353,2,10888.3405305367,61.6903146206046
NIPOÃ,0.375613439,1990,5298,2021-06-30,-20.9114,-49.7833,473,15,9519.0179110485,301.871603944456
PINDAMONHANGABA,0.37524392799999995,63841,170132,2021-06-30,-22.9246,-45.4613,11417,265,6978.13716681641,161.969549724652
MOGI GUAÇU,0.374540132,57317,153033,2021-06-30,-22.3675,-46.9428,16513,491,11132.9849991573,331.029833136693
EUCLIDES DA CUNHA PAULISTA,0.374477212,3492,9325,2021-06-30,-22.5545,-52.5928,327,9,3428.75117961623,94.3692985215477
PEREIRAS,0.37433033200000004,3284,8773,2021-06-30,-23.0804,-47.972,1045,20,12399.145704793502,237.304224015187
BIRIGUI,0.37401407700000006,46708,124883,2021-06-30,-21.291,-50.3432,15025,509,12383.6840326715,419.52047737968695
SÃO MIGUEL ARCANJO,0.37391673200000003,12340,33002,2021-06-30,-23.8782,-47.9935,1903,58,5946.875,181.25
QUEIROZ,0.373410405,1292,3460,2021-06-30,-21.7969,-50.2415,346,3,10551.9975602318,91.4913083257091
SANDOVALINA,0.37299035399999997,1624,4354,2021-06-30,-22.4551,-51.7648,313,8,7432.91379719782,189.978627404417
ITAJU,0.372781065,1449,3887,2021-06-30,-21.9857,-48.8116,517,8,14148.877941981398,218.93814997263303
DOIS CÓRREGOS,0.372637395,10252,27512,2021-06-30,-22.3673,-48.3819,1491,38,5527.954916209399,140.886845617678
TABATINGA,0.372506609,6200,16644,2021-06-30,-21.7239,-48.6896,1807,49,11366.924576964198,308.234258036107
ALTAIR,0.37243191600000003,1559,4186,2021-06-30,-20.5242,-49.0571,202,12,5004.95540138751,297.324083250743
CACONDE,0.372402546,7079,19009,2021-06-30,-21.528,-46.6437,1295,33,6868.5690039249,175.029171528588
BIRITIBA MIRIM,0.37217634200000005,12258,32936,2021-06-30,-23.5698,-46.0407,1397,91,4319.9950522604995,281.40268414868
ILHABELA,0.371020764,13205,35591,2021-06-30,-23.7785,-45.3552,6722,39,20083.657006274298,116.522258739169
PALESTINA,0.37049455200000003,4862,13123,2021-06-30,-20.39,-49.4309,622,31,5115.131578947371,254.934210526316
GUAIÇARA,0.370017895,4549,12294,2021-06-30,-21.6195,-49.8013,1285,22,10755.8382857621,184.146647693982
NOVA ODESSA,0.369824135,22543,60956,2021-06-30,-22.7832,-47.2941,5926,175,10210.3757818019,301.521390788952
NOVA EUROPA,0.36891237299999996,4189,11355,2021-06-30,-21.7765,-48.5705,707,28,6577.35603311936,260.489347846311
CORDEIRÓPOLIS,0.36659147700000005,9101,24826,2021-06-30,-22.4778,-47.4519,4980,70,20446.707176876298,287.403514534406
LUIZIÂNIA,0.36652433799999995,2146,5855,2021-06-30,-21.6737,-50.3294,260,10,4518.59575947167,173.792144595064
JUMIRIM,0.36629608,1252,3418,2021-06-30,-23.0884,-47.7868,497,6,15033.2728372656,181.488203266788
SANTA MARIA DA SERRA,0.36626042299999995,2284,6236,2021-06-30,-22.5661,-48.1593,702,8,11431.3629702003,130.271942680345
ATIBAIA,0.365679307,52690,144088,2021-06-30,-23.1171,-46.5563,10577,245,7576.32193458734,175.49388994742299
JACUPIRANGA,0.36514058899999996,6532,17889,2021-06-30,-24.6963,-48.0064,1512,46,8779.46812216932,267.100220648008
ARTUR NOGUEIRA,0.36431152899999997,20161,55340,2021-06-30,-22.5727,-47.1727,4587,117,8719.04046836093,222.395407629873
FRANCO DA ROCHA,0.363884416,56945,156492,2021-06-30,-23.3229,-46.729,11241,340,7385.62821532053,223.388808220708
RESTINGA,0.36384946,2794,7679,2021-06-30,-20.6056,-47.4833,523,8,6979.8478580007995,106.766315227546
VARGEM,0.36335578,3885,10692,2021-06-30,-22.887,-46.4124,176,7,1760.0,70.0
JARINU,0.36332756299999996,11124,30617,2021-06-30,-23.1039,-46.728,2425,60,8132.12608987257,201.207243460765
MONTE MOR,0.36277446799999996,22040,60754,2021-06-30,-22.945,-47.3122,5518,114,9256.21498305767,191.230247928339
BOFETE,0.362721248,4324,11921,2021-06-30,-23.1055,-48.2582,755,14,6816.54026724449,126.39942217407
IPUÃ,0.36268369100000003,6022,16604,2021-06-30,-20.4438,-48.0129,1680,56,10592.0181577454,353.06727192484703
JAMBEIRO,0.36251302700000004,2435,6717,2021-06-30,-23.2522,-45.6942,361,11,5809.46250402317,177.019633086579
DIADEMA,0.362454512,154680,426757,2021-06-30,-23.6813,-46.6205,23986,1159,5930.12705295975,286.54286893939604
PIEDADE,0.36221238,20118,55542,2021-06-30,-23.7139,-47.4256,4557,127,8512.02928870293,237.223550508069
BARRA DO TURVO,0.36163522,2760,7632,2021-06-30,-24.759,-48.5013,600,18,7805.385716144141,234.16157148432399
SANTA LÚCIA,0.361531511,3201,8854,2021-06-30,-21.685,-48.0885,625,17,7299.6963326325595,198.551740247606
SÃO ROQUE,0.361318705,33263,92060,2021-06-30,-23.5226,-47.1357,6029,90,6895.4080173843395,102.933607822954
CUBATÃO,0.361022898,47520,131626,2021-06-30,-23.8911,-46.424,12402,427,9603.159239614391,330.636106701769
GASTÃO VIDIGAL,0.36090535,1754,4860,2021-06-30,-20.7948,-50.1912,162,15,3397.65100671141,314.597315436242
ORINDIÚVA,0.360856269,2596,7194,2021-06-30,-20.1861,-49.3464,1255,18,18278.4736382173,262.161374890766
ITAPIRAPUÃ PAULISTA,0.35965323299999996,1535,4268,2021-06-30,-24.572,-49.1661,525,2,12559.8086124402,47.8468899521531
NOVA LUZITÂNIA,0.358413462,1491,4160,2021-06-30,-20.856,-50.2617,322,10,7962.4134520277,247.279920870425
GUARIBA,0.35836194299999996,14509,40487,2021-06-30,-21.3594,-48.2316,3785,92,9699.90517926245,235.770482560672
ITARIRI,0.357824753,6297,17598,2021-06-30,-24.2834,-47.1736,1231,37,7126.317008220451,214.194743545212
FLÓRIDA PAULISTA,0.35693035799999995,5279,14790,2021-06-30,-21.6127,-51.1724,1196,32,9867.98679867987,264.026402640264
AREIÓPOLIS,0.35579853,3970,11158,2021-06-30,-22.6672,-48.6681,1247,18,11485.6774431243,165.791655153357
CAIEIRAS,0.355563123,36543,102775,2021-06-30,-23.3607,-46.7397,8151,287,8101.41931379955,285.254244026558
GUARUJÁ,0.35520062,114641,322750,2021-06-30,-23.9888,-46.258,20450,1111,6463.235410312729,351.132251386672
TABOÃO DA SERRA,0.35423222,104021,293652,2021-06-30,-23.6019,-46.7526,17229,829,6069.3061284879395,292.034057723403
SÃO VICENTE,0.35338192799999996,130170,368355,2021-06-30,-23.9574,-46.3883,17101,1076,4777.7631876713,300.618279044168
SANTA ISABEL,0.352206466,20416,57966,2021-06-30,-23.3172,-46.2237,5394,236,9791.9616599499,428.421014413826
TAGUAÍ,0.35174315799999994,4974,14141,2021-06-30,-23.4452,-49.4024,2082,31,15631.8041895037,232.75020647195703
ARAÇOIABA DA SERRA,0.351621808,12228,34776,2021-06-30,-23.5029,-47.6166,2737,69,8450.13893176906,213.02871256560698
SEVERÍNIA,0.350036804,6182,17661,2021-06-30,-20.8108,-48.8054,2096,59,12238.7013896999,344.505430339834
CLEMENTINA,0.35000571,3065,8757,2021-06-30,-21.5604,-50.4525,891,14,10703.9884670831,168.188370975493
CONCHAL,0.349343897,9877,28273,2021-06-30,-22.3375,-47.1729,2374,62,8701.07022430729,227.239407711479
PORTO FELIZ,0.349069323,18641,53402,2021-06-30,-23.2093,-47.5251,7357,117,14230.9998645956,226.318741899917
VINHEDO,0.348903397,27951,80111,2021-06-30,-23.0302,-46.9833,8548,165,11026.6895421886,212.845551527973
PRATÂNIA,0.34888094799999997,1855,5317,2021-06-30,-22.8112,-48.6636,765,10,14837.0830100853,193.94879751745498
BERTIOGA,0.34839238,22549,64723,2021-06-30,-23.8486,-46.1396,5462,150,8630.11534207616,237.004266076789
JUQUITIBA,0.347879669,11009,31646,2021-06-30,-23.9244,-47.0653,1724,67,5670.86608993125,220.387487253709
MORRO AGUDO,0.347632781,11572,33288,2021-06-30,-20.7288,-48.0581,4424,95,13683.0384758134,293.82654954843497
RIO DAS PEDRAS,0.346829705,12395,35738,2021-06-30,-22.8417,-47.6047,3030,80,8804.04463040446,232.45002324500197
TAQUARIVAÍ,0.346472678,2048,5911,2021-06-30,-23.9211,-48.6948,414,13,7205.01218238775,226.24434389140302
MAIRIPORÃ,0.34541923,35211,101937,2021-06-30,-23.3171,-46.5897,6348,204,6436.69769422644,206.850398491209
POÁ,0.34533456100000004,40870,118349,2021-06-30,-23.5333,-46.3473,7255,338,6279.319358133261,292.544444252108
SANTA CRUZ DAS PALMEIRAS,0.34516509799999995,11990,34737,2021-06-30,-21.8235,-47.248,3552,102,10530.9970648403,302.41038868629397
CAJAMAR,0.34512536200000005,26897,77934,2021-06-30,-23.355,-46.8781,4472,220,5760.882167287161,283.406546691229
CAÇAPAVA,0.344271612,32712,95018,2021-06-30,-23.0992,-45.7076,7992,245,8761.52471578763,268.590284705702
GUARULHOS,0.34395788899999996,478831,1392121,2021-06-30,-23.4538,-46.5333,57884,4347,4283.65802667851,321.696175833935
PAULÍNIA,0.342276546,38336,112003,2021-06-30,-22.7542,-47.1488,13669,249,13013.5095252149,237.05932195321603
SERTÃOZINHO,0.341783203,43455,127142,2021-06-30,-21.1316,-47.9875,16392,411,13397.082260635,335.90780924359404
CACHOEIRA PAULISTA,0.341413299,11465,33581,2021-06-30,-22.6665,-45.0154,2395,37,7430.734386149979,114.79631410753599
CASA BRANCA,0.34095675,10406,30520,2021-06-30,-21.7708,-47.0852,2700,78,9164.34729482045,264.74781073925703
VALPARAÍSO,0.34076504399999996,9140,26822,2021-06-30,-21.2229,-50.8699,2599,69,10834.583958646,287.643821910956
HORTOLÂNDIA,0.33976496100000003,79593,234259,2021-06-30,-22.8529,-47.2143,18933,598,8222.15852832352,259.697396077614
VALENTIM GENTIL,0.33963937299999997,4596,13532,2021-06-30,-20.4217,-50.0889,1853,60,14510.5716523101,469.851213782302
CAMPOS DO JORDÃO,0.33962408200000005,17798,52405,2021-06-30,-22.7296,-45.5833,4679,110,9335.96711760246,219.482022427072
ARUJÁ,0.33882203200000005,30886,91157,2021-06-30,-23.3965,-46.32,7230,292,8056.24888571938,325.369941165983
BOM JESUS DOS PERDÕES,0.33881085200000005,8804,25985,2021-06-30,-23.1356,-46.4675,2004,23,8249.96912436705,94.6852743814582
ALUMÍNIO,0.338519742,6353,18767,2021-06-30,-23.5306,-47.2546,1458,42,8112.61963053639,233.69686178499902
SÃO JOAQUIM DA BARRA,0.33846212700000006,17708,52319,2021-06-30,-20.5812,-47.8593,5793,112,11522.8547559375,222.77917014759103
IBATÉ,0.33790031600000003,11986,35472,2021-06-30,-21.9584,-47.9882,3275,91,9427.71604582878,261.960964937532
REGINÓPOLIS,0.336992986,3315,9837,2021-06-30,-21.8914,-49.2268,291,12,4033.2640332640294,166.320166320166
ITATINGA,0.335787008,7025,20921,2021-06-30,-23.1047,-48.6157,2476,42,12048.6618004866,204.379562043796
PRADÓPOLIS,0.335619257,7341,21873,2021-06-30,-21.3626,-48.0679,1738,36,8313.00521356483,172.19113215669398
NOVA CAMPINA,0.335598377,3309,9860,2021-06-30,-24.1224,-48.9022,777,26,8031.00775193798,268.73385012919897
AMÉRICO BRASILIENSE,0.33556736200000004,13769,41032,2021-06-30,-21.7288,-48.1147,3771,88,9370.573764381379,218.671570210968
ORLÂNDIA,0.334513075,14839,44360,2021-06-30,-20.7169,-47.8852,4270,115,10102.6830076184,272.08631050962896
COTIA,0.33446105800000003,84822,253608,2021-06-30,-23.6022,-46.919,13472,545,5444.904293843771,220.269658561821
MARABÁ PAULISTA,0.333725622,1985,5948,2021-06-30,-22.1068,-51.9617,95,3,1926.58689920909,60.83958629081321
JAÚ,0.333386006,50635,151881,2021-06-30,-22.2936,-48.5592,8550,485,5796.41368089217,328.802413477509
CAMPO LIMPO PAULISTA,0.330286062,28253,85541,2021-06-30,-23.2078,-46.7889,5022,230,6062.14239154052,277.636947442119
GUARACI,0.330202888,3727,11287,2021-06-30,-20.4977,-48.9391,1065,21,9701.22062306431,191.29167425760602
LOUVEIRA,0.329826176,16489,49993,2021-06-30,-23.0856,-46.9484,4152,86,8601.9723212066,178.171873705146
SANTA GERTRUDES,0.329608122,9025,27381,2021-06-30,-22.4572,-47.5272,3379,61,12902.363587765902,232.92221925235802
ITIRAPINA,0.328601729,6042,18387,2021-06-30,-22.2562,-47.8166,1353,32,7883.69653886493,186.45845472555598
DOBRADA,0.328412875,2959,9010,2021-06-30,-21.5155,-48.3935,548,8,6154.53728661276,89.8472596585804
TREMEMBÉ,0.328394182,15669,47714,2021-06-30,-22.9571,-45.5475,2417,33,5256.86197746748,71.7734568706773
SÃO JOSÉ DA BELA VISTA,0.32834821399999997,2942,8960,2021-06-30,-20.5935,-47.6424,273,15,3128.2227569611605,171.880371261602
IPEÚNA,0.328346559,2524,7687,2021-06-30,-22.4355,-47.7151,624,10,8241.97596090345,132.082948091401
ENGENHEIRO COELHO,0.327168337,6952,21249,2021-06-30,-22.4836,-47.211,2374,52,11560.7499391283,253.22619917214502
SUZANO,0.326481656,98127,300559,2021-06-30,-23.5448,-46.3112,20547,808,7060.77621459646,277.661321915313
EMBU DAS ARTES,0.32640714600000004,90263,276535,2021-06-30,-23.6437,-46.8579,9392,521,3468.3703238671997,192.40001477159402
FRANCISCO MORATO,0.325018437,57734,177633,2021-06-30,-23.2792,-46.7448,10543,409,6045.19417670568,234.514314547342
CARAPICUÍBA,0.32443828199999997,130808,403183,2021-06-30,-23.5235,-46.8407,29785,1003,7548.18828275866,254.18273787500198
VOTORANTIM,0.32401556600000003,40048,123599,2021-06-30,-23.5446,-47.4388,9679,430,8077.680598210709,358.859660835893
ÁLVARO DE CARVALHO,0.323094425,1704,5274,2021-06-30,-22.0841,-49.719,154,9,3053.13243457573,178.429817605075
PITANGUEIRAS,0.32240519,12922,40080,2021-06-30,-21.0132,-48.221,4663,144,12085.3203400373,373.21169396641096
AVANHANDAVA,0.322245472,4466,13859,2021-06-30,-21.4584,-49.9509,952,36,7858.6759121677405,297.17682020802397
UBARANA,0.3221875,2062,6400,2021-06-30,-21.165,-49.7198,974,16,16056.7095285196,263.765248928454
IBIÚNA,0.322185735,25607,79479,2021-06-30,-23.6596,-47.223,4415,121,5776.527541541279,158.314797854246
SERRA AZUL,0.321273613,4813,14981,2021-06-30,-21.3074,-47.5602,1148,14,9347.011887314771,113.98794984530198
PIRAPORA DO BOM JESUS,0.320679946,6150,19178,2021-06-30,-23.3965,-46.9991,1408,15,7469.09978250491,79.5713755238449
SUMARÉ,0.320207819,91647,286211,2021-06-30,-22.8204,-47.2728,22966,703,8109.1196700704795,248.22394531305198
PIRAJUÍ,0.319841362,8226,25719,2021-06-30,-21.999,-49.4608,2085,48,8964.27189475042,206.37172707339099
LAVRINHAS,0.319244973,2334,7311,2021-06-30,-22.57,-44.9024,302,4,4213.757499651179,55.8113576112739
LUÍS ANTÔNIO,0.317944023,4862,15292,2021-06-30,-21.55,-47.7801,1807,29,12755.8943950304,204.71551602428298
BURI,0.31740546,6337,19965,2021-06-30,-23.7977,-48.5958,2447,78,12435.2068299624,396.38174611241
CRUZEIRO,0.314093326,25935,82571,2021-06-30,-22.5728,-44.969,5867,77,7340.448158945041,96.3379083413615
BOM SUCESSO DE ITARARÉ,0.314006024,1251,3984,2021-06-30,-24.3155,-49.1451,186,5,4817.40481740482,129.50012950013002
CABREÚVA,0.313053997,15787,50429,2021-06-30,-23.3053,-47.1362,3583,90,7248.63443253085,182.07566255310502
EMBU-GUAÇU,0.31295689600000004,21876,69901,2021-06-30,-23.8297,-46.8136,4637,188,6813.806885809589,276.255271626526
IRACEMÁPOLIS,0.311895669,7677,24614,2021-06-30,-22.5832,-47.523,4192,89,17722.1611566754,376.257715396973
CANAS,0.310146042,1614,5204,2021-06-30,-22.7003,-45.0521,203,4,4008.6887835703,78.9889415481832
ITAPECERICA DA SERRA,0.30966667,55016,177662,2021-06-30,-23.7161,-46.8572,7467,419,4402.21909102164,247.024213089336
SANTANA DE PARNAÍBA,0.309653481,44064,142301,2021-06-30,-23.4439,-46.9178,13298,332,9627.02342686705,240.34981032635397
MAUÁ,0.307501591,146848,477552,2021-06-30,-23.6677,-46.4613,26561,1391,5772.47398572584,302.304556083906
BOITUVA,0.306964774,19084,62170,2021-06-30,-23.2855,-47.6786,6003,168,10477.9026740208,293.234657543811
BARRINHA,0.30376733,10079,33180,2021-06-30,-21.1864,-48.1636,1591,63,4919.908466819221,194.817242872163
QUELUZ,0.302734088,4119,13606,2021-06-30,-22.5312,-44.7781,938,6,7418.5384372034205,47.45333755140779
COSMÓPOLIS,0.30105887800000003,22120,73474,2021-06-30,-22.6419,-47.1926,6762,157,9486.26581745742,220.25195701579602
VISTA ALEGRE DO ALTO,0.30003337399999996,2697,8989,2021-06-30,-21.1692,-48.6284,807,11,10069.8777140005,137.259795358123
PRACINHA,0.295584046,1245,4212,2021-06-30,-21.8496,-51.0868,173,1,5938.894610367321,34.3288705801579
NOVAIS,0.291505467,1733,5945,2021-06-30,-20.9893,-48.9141,293,11,5318.56961335996,199.67326193501498
SOROCABA,0.288624398,198388,687357,2021-06-30,-23.4969,-47.4451,64804,2330,9840.45178248477,353.80921938753
FERRAZ DE VASCONCELOS,0.288346056,56660,196500,2021-06-30,-23.5411,-46.371,9463,390,4902.16901423043,202.03380699036998
VARGEM GRANDE PAULISTA,0.285722301,15277,53468,2021-06-30,-23.5993,-47.022,2296,91,4351.61669383268,172.47261286532
PONTAL,0.282938724,14388,50852,2021-06-30,-21.0216,-48.0423,4836,152,9812.71432339752,308.422782703975
GUAREÍ,0.281675226,5320,18887,2021-06-30,-23.3714,-48.1837,3191,26,20260.3174603175,165.079365079365
ARAÇARIGUAMA,0.278652668,6370,22860,2021-06-30,-23.4366,-47.0608,1781,59,8489.037178265009,281.22020972354596
ITAQUAQUECETUBA,0.276741216,103781,375011,2021-06-30,-23.4835,-46.3457,16938,850,4570.56199725302,229.36460607303502
RIOLÂNDIA,0.27622350100000004,3505,12689,2021-06-30,-19.9868,-49.6836,1826,26,15974.1055025807,227.451666520864
POTIM,0.27564663699999997,6927,25130,2021-06-30,-22.8343,-45.2552,1707,37,8245.58013718481,178.72669307313302
JANDIRA,0.27526195800000003,34781,126356,2021-06-30,-23.5275,-46.9023,6915,272,5594.52440474746,220.059383671917
ITAPEVI,0.273641793,65937,240961,2021-06-30,-23.5488,-46.9327,11093,602,4666.53205112025,253.24549668929902
ITUPEVA,0.27093117699999997,17018,62813,2021-06-30,-23.1526,-47.0593,5677,120,9596.17302523707,202.84318531415298
PALMARES PAULISTA,0.260788966,3517,13486,2021-06-30,-21.0854,-48.8037,1384,39,10648.6112179734,300.06924674925
IPERÓ,0.26069434199999997,9897,37964,2021-06-30,-23.3513,-47.6927,2679,44,7798.67256637168,128.085700978109
VÁRZEA PAULISTA,0.257306758,31667,123071,2021-06-30,-23.2136,-46.8234,6978,207,5789.18986186585,171.734351018376
IARAS,0.241042345,2294,9517,2021-06-30,-22.8682,-49.1634,281,19,4076.0081230055102,275.60197272991
LAVÍNIA,0.227350427,2793,12285,2021-06-30,-21.1639,-51.0412,883,15,10388.2352941176,176.470588235294
RIO GRANDE DA SERRA,0.220118205,11322,51436,2021-06-30,-23.7437,-46.3971,2008,76,4030.8334671591497,152.561426047856
BALBINOS,0.175261207,1040,5934,2021-06-30,-21.8963,-49.3619,350,4,9449.24406047516,107.991360691145
